"OTU.ID","Query.length","Hit_id","Hit_def","Hit_len","Hsp_evalue","Hsp_identity","Hsp.length","identity_percent","Query.cover"
"OTU1",446,"gi|22773682|gb|AY129716.1|","Panicum miliaceum from Turkey internal transcribed spacer 1, 5.8S ribosomal RNA and internal transcribed spacer 2, complete sequence",703,0,383,383,100,85.8744394618834
"OTU1",446,"gi|22773681|gb|AY129715.1|","Panicum miliaceum from China internal transcribed spacer 1, 5.8S ribosomal RNA and internal transcribed spacer 2, complete sequence",702,0,383,383,100,85.8744394618834
"OTU1",446,"gi|22773680|gb|AY129714.1|","Panicum miliaceum from Bulgaria internal transcribed spacer 1, 5.8S ribosomal RNA and internal transcribed spacer 2, complete sequence",703,0,383,383,100,85.8744394618834
"OTU1",446,"gi|22773679|gb|AY129713.1|","Panicum miliaceum from Australia internal transcribed spacer 1, 5.8S ribosomal RNA and internal transcribed spacer 2, complete sequence",709,0,380,388,97.9381443298969,86.9955156950673
"OTU1",446,"gi|940377078|gb|KP878916.1|","Yakirra muelleri voucher R.J. Cumming 15571 18S ribosomal RNA gene, partial sequence; internal transcribed spacer 1, 5.8S ribosomal RNA gene, and internal transcribed spacer 2, complete sequence; and 26S ribosomal RNA gene, partial sequence",789,0,382,395,96.7088607594937,88.5650224215247
"OTU1",446,"gi|940377076|gb|KP878914.1|","Yakirra australiensis var. intermedia voucher K.F. Kenneally 10619 18S ribosomal RNA gene, partial sequence; internal transcribed spacer 1, 5.8S ribosomal RNA gene, and internal transcribed spacer 2, complete sequence; and 26S ribosomal RNA gene, partial sequence",789,0,381,395,96.4556962025317,88.5650224215247
"OTU1",446,"gi|940377075|gb|KP878913.1|","Yakirra australiensis var. australiensis voucher S. Legge & S. Murphy 22 18S ribosomal RNA gene, partial sequence; internal transcribed spacer 1, 5.8S ribosomal RNA gene, and internal transcribed spacer 2, complete sequence; and 26S ribosomal RNA gene, partial sequence",789,0,381,395,96.4556962025317,88.5650224215247
"OTU1",446,"gi|940377082|gb|KP878920.1|","Yakirra pauciflora voucher A.A. Mitchell 3820 18S ribosomal RNA gene, partial sequence; internal transcribed spacer 1, 5.8S ribosomal RNA gene, and internal transcribed spacer 2, complete sequence; and 26S ribosomal RNA gene, partial sequence",789,0,380,395,96.2025316455696,88.5650224215247
"OTU1",446,"gi|940377081|gb|KP878919.1|","Yakirra pauciflora voucher K. Pajimans 2355 18S ribosomal RNA gene, partial sequence; internal transcribed spacer 1, 5.8S ribosomal RNA gene, and internal transcribed spacer 2, complete sequence; and 26S ribosomal RNA gene, partial sequence",789,0,380,395,96.2025316455696,88.5650224215247
"OTU1",446,"gi|940377077|gb|KP878915.1|","Yakirra majuscula voucher S. Legge & S. Murphy 856 18S ribosomal RNA gene, partial sequence; internal transcribed spacer 1, 5.8S ribosomal RNA gene, and internal transcribed spacer 2, complete sequence; and 26S ribosomal RNA gene, partial sequence >gi|940377080|gb|KP878918.1| Yakirra pauciflora voucher I. Cowie 2698 18S ribosomal RNA gene, partial sequence; internal transcribed spacer 1, 5.8S ribosomal RNA gene, and internal transcribed spacer 2, complete sequence; and 26S ribosomal RNA gene, partial sequence",789,0,380,395,96.2025316455696,88.5650224215247
"OTU1",446,"gi|222822549|gb|FJ606748.1|","Panicum miliaceum 18S ribosomal RNA gene, partial sequence; internal transcribed spacer 1, 5.8S ribosomal RNA gene, and internal transcribed spacer 2, complete sequence; and 26S ribosomal RNA gene, partial sequence",676,1.27402e-180,361,363,99.4490358126722,81.390134529148
"OTU1",446,"gi|22773676|gb|AY129710.1|","Panicum lanipes internal transcribed spacer 1, 5.8S ribosomal RNA and internal transcribed spacer 2, complete sequence",700,1.27402e-180,373,383,97.3890339425587,85.8744394618834
"OTU1",446,"gi|940377083|gb|KP878921.1|","Yakirra pauciflora voucher I. Cowie & G. Leach 3891 18S ribosomal RNA gene, partial sequence; internal transcribed spacer 1, 5.8S ribosomal RNA gene, and internal transcribed spacer 2, complete sequence; and 26S ribosomal RNA gene, partial sequence",789,4.44676e-180,379,395,95.9493670886076,88.5650224215247
"OTU1",446,"gi|411107538|gb|JX576540.1|","Panicum miliaceum isolate Neimenggu7 internal transcribed spacer 1, partial sequence; 5.8S ribosomal RNA gene and internal transcribed spacer 2, complete sequence; and 26S ribosomal RNA gene, partial sequence >gi|411107540|gb|JX576542.1| Panicum miliaceum isolate Neimenggu9 internal transcribed spacer 1, partial sequence; 5.8S ribosomal RNA gene and internal transcribed spacer 2, complete sequence; and 26S ribosomal RNA gene, partial sequence >gi|411107566|gb|JX576568.1| Panicum miliaceum isolate Xinjiang2 internal transcribed spacer 1, partial sequence; 5.8S ribosomal RNA gene and internal transcribed spacer 2, complete sequence; and 26S ribosomal RNA gene, partial sequence",621,1.55207e-179,354,354,100,79.372197309417
"OTU1",446,"gi|411107504|gb|JX576506.1|","Panicum miliaceum isolate Shanxi4 internal transcribed spacer 1, partial sequence; 5.8S ribosomal RNA gene and internal transcribed spacer 2, complete sequence; and 26S ribosomal RNA gene, partial sequence >gi|411107509|gb|JX576511.1| Panicum miliaceum isolate Shanxi9 internal transcribed spacer 1, partial sequence; 5.8S ribosomal RNA gene and internal transcribed spacer 2, complete sequence; and 26S ribosomal RNA gene, partial sequence >gi|411107514|gb|JX576516.1| Panicum miliaceum isolate Shanxi14 internal transcribed spacer 1, partial sequence; 5.8S ribosomal RNA gene and internal transcribed spacer 2, complete sequence; and 26S ribosomal RNA gene, partial sequence >gi|411107518|gb|JX576520.1| Panicum miliaceum isolate Ningxia2 internal transcribed spacer 1, partial sequence; 5.8S ribosomal RNA gene and internal transcribed spacer 2, complete sequence; and 26S ribosomal RNA gene, partial sequence >gi|411107546|gb|JX576548.1| Panicum miliaceum isolate Hebei1 internal transcribed spacer 1, partial sequence; 5.8S ribosomal RNA gene and internal transcribed spacer 2, complete sequence; and 26S ribosomal RNA gene, partial sequence >gi|411107548|gb|JX576550.1| Panicum miliaceum isolate Hebei3 internal transcribed spacer 1, partial sequence; 5.8S ribosomal RNA gene and internal transcribed spacer 2, complete sequence; and 26S ribosomal RNA gene, partial sequence >gi|411107555|gb|JX576557.1| Panicum miliaceum isolate Hebei10 internal transcribed spacer 1, partial sequence; 5.8S ribosomal RNA gene and internal transcribed spacer 2, complete sequence; and 26S ribosomal RNA gene, partial sequence >gi|411107557|gb|JX576559.1| Panicum miliaceum isolate Hebei12 internal transcribed spacer 1, partial sequence; 5.8S ribosomal RNA gene and internal transcribed spacer 2, complete sequence; and 26S ribosomal RNA gene, partial sequence >gi|411107558|gb|JX576560.1| Panicum miliaceum isolate Hebei13 internal transcribed spacer 1, partial sequence; 5.8S ribosomal RNA gene and internal transcribed spacer 2, complete sequence; and 26S ribosomal RNA gene, partial sequence >gi|411107559|gb|JX576561.1| Panicum miliaceum isolate Hebei14 internal transcribed spacer 1, partial sequence; 5.8S ribosomal RNA gene and internal transcribed spacer 2, complete sequence; and 26S ribosomal RNA gene, partial sequence >gi|411107560|gb|JX576562.1| Panicum miliaceum isolate Hebei15 internal transcribed spacer 1, partial sequence; 5.8S ribosomal RNA gene and internal transcribed spacer 2, complete sequence; and 26S ribosomal RNA gene, partial sequence >gi|411107567|gb|JX576569.1| Panicum miliaceum isolate Xinjiang3 internal transcribed spacer 1, partial sequence; 5.8S ribosomal RNA gene and internal transcribed spacer 2, complete sequence; and 26S ribosomal RNA gene, partial sequence >gi|411107571|gb|JX576573.1| Panicum miliaceum isolate Gansu3 internal transcribed spacer 1, partial sequence; 5.8S ribosomal RNA gene and internal transcribed spacer 2, complete sequence; and 26S ribosomal RNA gene, partial sequence >gi|411107577|gb|JX576579.1| Panicum miliaceum isolate Heilongjiang1 internal transcribed spacer 1, partial sequence; 5.8S ribosomal RNA gene and internal transcribed spacer 2, complete sequence; and 26S ribosomal RNA gene, partial sequence >gi|411107579|gb|JX576581.1| Panicum miliaceum isolate Heilongjiang3 internal transcribed spacer 1, partial sequence; 5.8S ribosomal RNA gene and internal transcribed spacer 2, complete sequence; and 26S ribosomal RNA gene, partial sequence >gi|411107580|gb|JX576582.1| Panicum miliaceum isolate Heilongjiang4 internal transcribed spacer 1, partial sequence; 5.8S ribosomal RNA gene and internal transcribed spacer 2, complete sequence; and 26S ribosomal RNA gene, partial sequence >gi|411107581|gb|JX576583.1| Panicum miliaceum isolate Heilongjiang5 internal transcribed spacer 1, partial sequence; 5.8S ribosomal RNA gene and internal transcribed spacer 2, complete sequence; and 26S ribosomal RNA gene, partial sequence >gi|411107590|gb|JX576592.1| Panicum miliaceum isolate Heilongjiang14 internal transcribed spacer 1, partial sequence; 5.8S ribosomal RNA gene and internal transcribed spacer 2, complete sequence; and 26S ribosomal RNA gene, partial sequence >gi|411107591|gb|JX576593.1| Panicum miliaceum isolate Heilongjiang15 internal transcribed spacer 1, partial sequence; 5.8S ribosomal RNA gene and internal transcribed spacer 2, complete sequence; and 26S ribosomal RNA gene, partial sequence >gi|411107601|gb|JX576603.1| Panicum miliaceum isolate Heilongjiang25 internal transcribed spacer 1, partial sequence; 5.8S ribosomal RNA gene and internal transcribed spacer 2, complete sequence; and 26S ribosomal RNA gene, partial sequence >gi|411107602|gb|JX576604.1| Panicum miliaceum isolate Heilongjiang26 internal transcribed spacer 1, partial sequence; 5.8S ribosomal RNA gene and internal transcribed spacer 2, complete sequence; and 26S ribosomal RNA gene, partial sequence >gi|411107603|gb|JX576605.1| Panicum miliaceum isolate Heilongjiang27 internal transcribed spacer 1, partial sequence; 5.8S ribosomal RNA gene and internal transcribed spacer 2, complete sequence; and 26S ribosomal RNA gene, partial sequence >gi|411107605|gb|JX576607.1| Panicum miliaceum isolate Heilongjiang29 internal transcribed spacer 1, partial sequence; 5.8S ribosomal RNA gene and internal transcribed spacer 2, complete sequence; and 26S ribosomal RNA gene, partial sequence >gi|411107606|gb|JX576608.1| Panicum miliaceum isolate Heilongjiang30 internal transcribed spacer 1, partial sequence; 5.8S ribosomal RNA gene and internal transcribed spacer 2, complete sequence; and 26S ribosomal RNA gene, partial sequence >gi|411107608|gb|JX576610.1| Panicum miliaceum isolate Shandong1 internal transcribed spacer 1, partial sequence; 5.8S ribosomal RNA gene and internal transcribed spacer 2, complete sequence; and 26S ribosomal RNA gene, partial sequence >gi|411107610|gb|JX576612.1| Panicum miliaceum isolate Shandong3 internal transcribed spacer 1, partial sequence; 5.8S ribosomal RNA gene and internal transcribed spacer 2, complete sequence; and 26S ribosomal RNA gene, partial sequence >gi|411107614|gb|JX576616.1| Panicum miliaceum isolate Shandong7 internal transcribed spacer 1, partial sequence; 5.8S ribosomal RNA gene and internal transcribed spacer 2, complete sequence; and 26S ribosomal RNA gene, partial sequence >gi|411107620|gb|JX576622.1| Panicum miliaceum isolate Qinghai3 internal transcribed spacer 1, partial sequence; 5.8S ribosomal RNA gene and internal transcribed spacer 2, complete sequence; and 26S ribosomal RNA gene, partial sequence >gi|411107625|gb|JX576627.1| Panicum miliaceum isolate Qinghai8 internal transcribed spacer 1, partial sequence; 5.8S ribosomal RNA gene and internal transcribed spacer 2, complete sequence; and 26S ribosomal RNA gene, partial sequence >gi|411107626|gb|JX576628.1| Panicum miliaceum isolate Qinghai9 internal transcribed spacer 1, partial sequence; 5.8S ribosomal RNA gene and internal transcribed spacer 2, complete sequence; and 26S ribosomal RNA gene, partial sequence >gi|411107628|gb|JX576630.1| Panicum miliaceum isolate Qinghai11 internal transcribed spacer 1, partial sequence; 5.8S ribosomal RNA gene and internal transcribed spacer 2, complete sequence; and 26S ribosomal RNA gene, partial sequence >gi|411107629|gb|JX576631.1| Panicum miliaceum isolate Jilin1 internal transcribed spacer 1, partial sequence; 5.8S ribosomal RNA gene and internal transcribed spacer 2, complete sequence; and 26S ribosomal RNA gene, partial sequence >gi|411107631|gb|JX576633.1| Panicum miliaceum isolate Jilin3 internal transcribed spacer 1, partial sequence; 5.8S ribosomal RNA gene and internal transcribed spacer 2, complete sequence; and 26S ribosomal RNA gene, partial sequence >gi|411107632|gb|JX576634.1| Panicum miliaceum isolate Jilin4 internal transcribed spacer 1, partial sequence; 5.8S ribosomal RNA gene and internal transcribed spacer 2, complete sequence; and 26S ribosomal RNA gene, partial sequence >gi|411107636|gb|JX576638.1| Panicum miliaceum isolate Jilin8 internal transcribed spacer 1, partial sequence; 5.8S ribosomal RNA gene and internal transcribed spacer 2, complete sequence; and 26S ribosomal RNA gene, partial sequence >gi|411107642|gb|JX576644.1| Panicum miliaceum isolate Shaanxi3 internal transcribed spacer 1, partial sequence; 5.8S ribosomal RNA gene and internal transcribed spacer 2, complete sequence; and 26S ribosomal RNA gene, partial sequence >gi|411107643|gb|JX576645.1| Panicum miliaceum isolate Shaanxi4 internal transcribed spacer 1, partial sequence; 5.8S ribosomal RNA gene and internal transcribed spacer 2, complete sequence; and 26S ribosomal RNA gene, partial sequence >gi|411107651|gb|JX576653.1| Panicum miliaceum isolate India2 internal transcribed spacer 1, partial sequence; 5.8S ribosomal RNA gene and internal transcribed spacer 2, complete sequence; and 26S ribosomal RNA gene, partial sequence >gi|411107660|gb|JX576662.1| Panicum miliaceum isolate India11 internal transcribed spacer 1, partial sequence; 5.8S ribosomal RNA gene and internal transcribed spacer 2, complete sequence; and 26S ribosomal RNA gene, partial sequence >gi|411107661|gb|JX576663.1| Panicum miliaceum isolate India12 internal transcribed spacer 1, partial sequence; 5.8S ribosomal RNA gene and internal transcribed spacer 2, complete sequence; and 26S ribosomal RNA gene, partial sequence >gi|411107662|gb|JX576664.1| Panicum miliaceum isolate India13 internal transcribed spacer 1, partial sequence; 5.8S ribosomal RNA gene and internal transcribed spacer 2, complete sequence; and 26S ribosomal RNA gene, partial sequence >gi|411107666|gb|JX576668.1| Panicum miliaceum isolate India17 internal transcribed spacer 1, partial sequence; 5.8S ribosomal RNA gene and internal transcribed spacer 2, complete sequence; and 26S ribosomal RNA gene, partial sequence >gi|411107675|gb|JX576677.1| Panicum miliaceum isolate India26 internal transcribed spacer 1, partial sequence; 5.8S ribosomal RNA gene and internal transcribed spacer 2, complete sequence; and 26S ribosomal RNA gene, partial sequence >gi|484400291|gb|KC539811.1| Panicum miliaceum isolate Russia12 internal transcribed spacer 1, partial sequence; 5.8S ribosomal RNA gene and internal transcribed spacer 2, complete sequence; and 26S ribosomal RNA gene, partial sequence",621,1.55207e-179,354,354,100,79.372197309417
"OTU1",446,"gi|484400288|gb|KC539808.1|","Panicum miliaceum isolate Russia8 internal transcribed spacer 1, partial sequence; 5.8S ribosomal RNA gene and internal transcribed spacer 2, complete sequence; and 26S ribosomal RNA gene, partial sequence",621,1.89081e-178,353,354,99.7175141242938,79.372197309417
"OTU1",446,"gi|411107568|gb|JX576570.1|","Panicum miliaceum isolate Xizang1 internal transcribed spacer 1, partial sequence; 5.8S ribosomal RNA gene and internal transcribed spacer 2, complete sequence; and 26S ribosomal RNA gene, partial sequence >gi|411107650|gb|JX576652.1| Panicum miliaceum isolate India1 internal transcribed spacer 1, partial sequence; 5.8S ribosomal RNA gene and internal transcribed spacer 2, complete sequence; and 26S ribosomal RNA gene, partial sequence >gi|411107652|gb|JX576654.1| Panicum miliaceum isolate India3 internal transcribed spacer 1, partial sequence; 5.8S ribosomal RNA gene and internal transcribed spacer 2, complete sequence; and 26S ribosomal RNA gene, partial sequence >gi|411107653|gb|JX576655.1| Panicum miliaceum isolate India4 internal transcribed spacer 1, partial sequence; 5.8S ribosomal RNA gene and internal transcribed spacer 2, complete sequence; and 26S ribosomal RNA gene, partial sequence >gi|411107654|gb|JX576656.1| Panicum miliaceum isolate India5 internal transcribed spacer 1, partial sequence; 5.8S ribosomal RNA gene and internal transcribed spacer 2, complete sequence; and 26S ribosomal RNA gene, partial sequence >gi|411107655|gb|JX576657.1| Panicum miliaceum isolate India6 internal transcribed spacer 1, partial sequence; 5.8S ribosomal RNA gene and internal transcribed spacer 2, complete sequence; and 26S ribosomal RNA gene, partial sequence >gi|411107656|gb|JX576658.1| Panicum miliaceum isolate India7 internal transcribed spacer 1, partial sequence; 5.8S ribosomal RNA gene and internal transcribed spacer 2, complete sequence; and 26S ribosomal RNA gene, partial sequence >gi|411107658|gb|JX576660.1| Panicum miliaceum isolate India9 internal transcribed spacer 1, partial sequence; 5.8S ribosomal RNA gene and internal transcribed spacer 2, complete sequence; and 26S ribosomal RNA gene, partial sequence >gi|411107659|gb|JX576661.1| Panicum miliaceum isolate India10 internal transcribed spacer 1, partial sequence; 5.8S ribosomal RNA gene and internal transcribed spacer 2, complete sequence; and 26S ribosomal RNA gene, partial sequence >gi|411107663|gb|JX576665.1| Panicum miliaceum isolate India14 internal transcribed spacer 1, partial sequence; 5.8S ribosomal RNA gene and internal transcribed spacer 2, complete sequence; and 26S ribosomal RNA gene, partial sequence >gi|411107664|gb|JX576666.1| Panicum miliaceum isolate India15 internal transcribed spacer 1, partial sequence; 5.8S ribosomal RNA gene and internal transcribed spacer 2, complete sequence; and 26S ribosomal RNA gene, partial sequence >gi|411107667|gb|JX576669.1| Panicum miliaceum isolate India18 internal transcribed spacer 1, partial sequence; 5.8S ribosomal RNA gene and internal transcribed spacer 2, complete sequence; and 26S ribosomal RNA gene, partial sequence >gi|411107668|gb|JX576670.1| Panicum miliaceum isolate India19 internal transcribed spacer 1, partial sequence; 5.8S ribosomal RNA gene and internal transcribed spacer 2, complete sequence; and 26S ribosomal RNA gene, partial sequence >gi|411107669|gb|JX576671.1| Panicum miliaceum isolate India20 internal transcribed spacer 1, partial sequence; 5.8S ribosomal RNA gene and internal transcribed spacer 2, complete sequence; and 26S ribosomal RNA gene, partial sequence >gi|411107670|gb|JX576672.1| Panicum miliaceum isolate India21 internal transcribed spacer 1, partial sequence; 5.8S ribosomal RNA gene and internal transcribed spacer 2, complete sequence; and 26S ribosomal RNA gene, partial sequence >gi|411107671|gb|JX576673.1| Panicum miliaceum isolate India22 internal transcribed spacer 1, partial sequence; 5.8S ribosomal RNA gene and internal transcribed spacer 2, complete sequence; and 26S ribosomal RNA gene, partial sequence >gi|411107672|gb|JX576674.1| Panicum miliaceum isolate India23 internal transcribed spacer 1, partial sequence; 5.8S ribosomal RNA gene and internal transcribed spacer 2, complete sequence; and 26S ribosomal RNA gene, partial sequence >gi|411107673|gb|JX576675.1| Panicum miliaceum isolate India24 internal transcribed spacer 1, partial sequence; 5.8S ribosomal RNA gene and internal transcribed spacer 2, complete sequence; and 26S ribosomal RNA gene, partial sequence >gi|411107674|gb|JX576676.1| Panicum miliaceum isolate India25 internal transcribed spacer 1, partial sequence; 5.8S ribosomal RNA gene and internal transcribed spacer 2, complete sequence; and 26S ribosomal RNA gene, partial sequence >gi|484400284|gb|KC539804.1| Panicum miliaceum isolate Russia4 internal transcribed spacer 1, partial sequence; 5.8S ribosomal RNA gene and internal transcribed spacer 2, complete sequence; and 26S ribosomal RNA gene, partial sequence >gi|484400289|gb|KC539809.1| Panicum miliaceum isolate Russia10 internal transcribed spacer 1, partial sequence; 5.8S ribosomal RNA gene and internal transcribed spacer 2, complete sequence; and 26S ribosomal RNA gene, partial sequence >gi|484400292|gb|KC539812.1| Panicum miliaceum isolate Russia13 internal transcribed spacer 1, partial sequence; 5.8S ribosomal RNA gene and internal transcribed spacer 2, complete sequence; and 26S ribosomal RNA gene, partial sequence >gi|484400301|gb|KC539821.1| Panicum miliaceum isolate Ukraine2 internal transcribed spacer 1, partial sequence; 5.8S ribosomal RNA gene and internal transcribed spacer 2, complete sequence; and 26S ribosomal RNA gene, partial sequence >gi|513132972|gb|KC539813.2| Panicum miliaceum isolate Russia14 internal transcribed spacer 1, partial sequence; 5.8S ribosomal RNA gene and internal transcribed spacer 2, complete sequence; and 26S ribosomal RNA gene, partial sequence",621,1.89081e-178,353,354,99.7175141242938,79.372197309417
"OTU1",446,"gi|411107525|gb|JX576527.1|","Panicum miliaceum isolate Ningxia9 internal transcribed spacer 1, partial sequence; 5.8S ribosomal RNA gene and internal transcribed spacer 2, complete sequence; and 26S ribosomal RNA gene, partial sequence >gi|411107526|gb|JX576528.1| Panicum miliaceum isolate Ningxia10 internal transcribed spacer 1, partial sequence; 5.8S ribosomal RNA gene and internal transcribed spacer 2, complete sequence; and 26S ribosomal RNA gene, partial sequence >gi|411107528|gb|JX576530.1| Panicum miliaceum isolate Ningxia12 internal transcribed spacer 1, partial sequence; 5.8S ribosomal RNA gene and internal transcribed spacer 2, complete sequence; and 26S ribosomal RNA gene, partial sequence >gi|411107572|gb|JX576574.1| Panicum miliaceum isolate Gansu4 internal transcribed spacer 1, partial sequence; 5.8S ribosomal RNA gene and internal transcribed spacer 2, complete sequence; and 26S ribosomal RNA gene, partial sequence >gi|411107578|gb|JX576580.1| Panicum miliaceum isolate Heilongjiang2 internal transcribed spacer 1, partial sequence; 5.8S ribosomal RNA gene and internal transcribed spacer 2, complete sequence; and 26S ribosomal RNA gene, partial sequence >gi|411107638|gb|JX576640.1| Panicum miliaceum isolate Liaoning1 internal transcribed spacer 1, partial sequence; 5.8S ribosomal RNA gene and internal transcribed spacer 2, complete sequence; and 26S ribosomal RNA gene, partial sequence >gi|411107640|gb|JX576642.1| Panicum miliaceum isolate Shaanxi1 internal transcribed spacer 1, partial sequence; 5.8S ribosomal RNA gene and internal transcribed spacer 2, complete sequence; and 26S ribosomal RNA gene, partial sequence >gi|411107641|gb|JX576643.1| Panicum miliaceum isolate Shaanxi2 internal transcribed spacer 1, partial sequence; 5.8S ribosomal RNA gene and internal transcribed spacer 2, complete sequence; and 26S ribosomal RNA gene, partial sequence >gi|484400285|gb|KC539805.1| Panicum miliaceum isolate Russia5 internal transcribed spacer 1, partial sequence; 5.8S ribosomal RNA gene and internal transcribed spacer 2, complete sequence; and 26S ribosomal RNA gene, partial sequence >gi|484400286|gb|KC539806.1| Panicum miliaceum isolate Russia6 internal transcribed spacer 1, partial sequence; 5.8S ribosomal RNA gene and internal transcribed spacer 2, complete sequence; and 26S ribosomal RNA gene, partial sequence >gi|484400287|gb|KC539807.1| Panicum miliaceum isolate Russia7 internal transcribed spacer 1, partial sequence; 5.8S ribosomal RNA gene and internal transcribed spacer 2, complete sequence; and 26S ribosomal RNA gene, partial sequence >gi|484400290|gb|KC539810.1| Panicum miliaceum isolate Russia11 internal transcribed spacer 1, partial sequence; 5.8S ribosomal RNA gene and internal transcribed spacer 2, complete sequence; and 26S ribosomal RNA gene, partial sequence >gi|484400300|gb|KC539820.1| Panicum miliaceum isolate Ukraine1 internal transcribed spacer 1, partial sequence; 5.8S ribosomal RNA gene and internal transcribed spacer 2, complete sequence; and 26S ribosomal RNA gene, partial sequence",621,1.89081e-178,353,354,99.7175141242938,79.372197309417
"OTU1",446,"gi|411107539|gb|JX576541.1|","Panicum miliaceum isolate Neimenggu8 internal transcribed spacer 1, partial sequence; 5.8S ribosomal RNA gene and internal transcribed spacer 2, complete sequence; and 26S ribosomal RNA gene, partial sequence",621,6.59958e-178,352,354,99.4350282485876,79.372197309417
"OTU1",446,"gi|411107565|gb|JX576567.1|","Panicum miliaceum isolate Xinjiang1 internal transcribed spacer 1, partial sequence; 5.8S ribosomal RNA gene and internal transcribed spacer 2, complete sequence; and 26S ribosomal RNA gene, partial sequence >gi|411107645|gb|JX576647.1| Panicum miliaceum isolate Russia1 internal transcribed spacer 1, partial sequence; 5.8S ribosomal RNA gene and internal transcribed spacer 2, complete sequence; and 26S ribosomal RNA gene, partial sequence >gi|411107646|gb|JX576648.1| Panicum miliaceum isolate Russia2 internal transcribed spacer 1, partial sequence; 5.8S ribosomal RNA gene and internal transcribed spacer 2, complete sequence; and 26S ribosomal RNA gene, partial sequence >gi|411107648|gb|JX576650.1| Panicum miliaceum isolate Poland2 internal transcribed spacer 1, partial sequence; 5.8S ribosomal RNA gene and internal transcribed spacer 2, complete sequence; and 26S ribosomal RNA gene, partial sequence >gi|411107649|gb|JX576651.1| Panicum miliaceum isolate Poland3 internal transcribed spacer 1, partial sequence; 5.8S ribosomal RNA gene and internal transcribed spacer 2, complete sequence; and 26S ribosomal RNA gene, partial sequence",621,8.03994e-177,351,354,99.1525423728814,79.372197309417
"OTU101",403,"gi|390535555|gb|JQ265842.1|","Acacia x giraffae isolate b voucher RL1300JRAU internal transcribed spacer 1, 5.8S ribosomal RNA gene, and internal transcribed spacer 2, region",336,1.69801e-102,264,294,89.7959183673469,72.9528535980149
"OTU101",403,"gi|390535553|gb|JQ265840.1|","Vachellia erioloba isolate b voucher RL1298JRAU internal transcribed spacer 1, 5.8S ribosomal RNA gene, and internal transcribed spacer 2, region",331,8.79591e-100,259,289,89.6193771626298,71.712158808933
"OTU101",403,"gi|390535605|gb|JQ265892.1|","Acacia torrei isolate b voucher OM2573JRAU internal transcribed spacer 1, 5.8S ribosomal RNA gene, and internal transcribed spacer 2, region",382,1.07156e-98,283,329,86.0182370820669,81.6377171215881
"OTU101",403,"gi|390535605|gb|JQ265892.1|","Acacia torrei isolate b voucher OM2573JRAU internal transcribed spacer 1, 5.8S ribosomal RNA gene, and internal transcribed spacer 2, region",382,0.557539,25,25,100,6.20347394540943
"OTU101",403,"gi|390535610|gb|JQ265897.1|","Acacia robbertsei isolate b voucher RL1289JRAU internal transcribed spacer 1, 5.8S ribosomal RNA gene, and internal transcribed spacer 2, region",414,2.8754e-93,313,392,79.8469387755102,97.2704714640198
"OTU101",403,"gi|390535608|gb|JQ265895.1|","Acacia rehmanniana voucher Rl288JRAU internal transcribed spacer 1, 5.8S ribosomal RNA gene, and internal transcribed spacer 2, region",420,1.00361e-92,318,398,79.8994974874372,98.7593052109181
"OTU101",403,"gi|390535622|gb|JQ265909.1|","Acacia ehrenbergiana isolate b voucher MSB99862 internal transcribed spacer 1, 5.8S ribosomal RNA gene, and internal transcribed spacer 2, region",410,5.19884e-90,307,386,79.5336787564767,95.7816377171216
"OTU101",403,"gi|694266443|gb|KF921686.1|","Chloroleucon foliolosum isolate FS10817 internal transcribed spacer 1, partial sequence; 5.8S ribosomal RNA gene and internal transcribed spacer 2, complete sequence; and 28S ribosomal RNA gene, partial sequence",650,3.28083e-86,310,396,78.2828282828283,98.2630272952854
"OTU101",403,"gi|694266438|gb|KF921681.1|","Chloroleucon extortum isolate FS250 18S ribosomal RNA gene, partial sequence; internal transcribed spacer 1, 5.8S ribosomal RNA gene, and internal transcribed spacer 2, complete sequence; and 28S ribosomal RNA gene, partial sequence",799,3.28083e-86,310,396,78.2828282828283,98.2630272952854
"OTU101",403,"gi|694266429|gb|KF921672.1|","Chloroleucon acacioides isolate FS11047 internal transcribed spacer 1, partial sequence; 5.8S ribosomal RNA gene and internal transcribed spacer 2, complete sequence; and 28S ribosomal RNA gene, partial sequence",636,1.14512e-85,308,393,78.3715012722646,97.5186104218362
"OTU101",403,"gi|70724240|gb|DQ029260.1|","Acacia pickardii isolate S55 small subunit ribosomal RNA gene, partial sequence; internal transcribed spacer 1, 5.8S ribosomal RNA gene, and internal transcribed spacer 2, complete sequence; and large subunit ribosomal RNA gene, partial sequence",691,3.99687e-85,313,403,77.6674937965261,100
"OTU101",403,"gi|694266451|gb|KF921694.1|","Chloroleucon tortum isolate FS13592 internal transcribed spacer 1, partial sequence; 5.8S ribosomal RNA gene and internal transcribed spacer 2, complete sequence; and 28S ribosomal RNA gene, partial sequence",623,1.39504e-84,309,396,78.030303030303,98.2630272952854
"OTU101",403,"gi|694266450|gb|KF921693.1|","Chloroleucon tortum isolate FS10819 internal transcribed spacer 1, partial sequence; 5.8S ribosomal RNA gene and internal transcribed spacer 2, complete sequence; and 28S ribosomal RNA gene, partial sequence",652,1.39504e-84,309,396,78.030303030303,98.2630272952854
"OTU101",403,"gi|694266446|gb|KF921689.1|","Chloroleucon mangense var. lentiscifolium isolate FS13839 internal transcribed spacer 1, partial sequence; 5.8S ribosomal RNA gene and internal transcribed spacer 2, complete sequence; and 28S ribosomal RNA gene, partial sequence",639,1.39504e-84,309,396,78.030303030303,98.2630272952854
"OTU101",403,"gi|694266442|gb|KF921685.1|","Chloroleucon foliolosum isolate FS650 internal transcribed spacer 1, partial sequence; 5.8S ribosomal RNA gene and internal transcribed spacer 2, complete sequence; and 28S ribosomal RNA gene, partial sequence",648,1.39504e-84,309,396,78.030303030303,98.2630272952854
"OTU101",403,"gi|390535598|gb|JQ265885.1|","Acacia eriocarpa isolate b voucher MSteyn1JRAU internal transcribed spacer 1, 5.8S ribosomal RNA gene, and internal transcribed spacer 2, region",381,1.39504e-84,272,329,82.6747720364742,81.6377171215881
"OTU101",403,"gi|70724252|gb|DQ029272.1|","Acacia victoriae isolate S60 small subunit ribosomal RNA gene, partial sequence; internal transcribed spacer 1, 5.8S ribosomal RNA gene, and internal transcribed spacer 2, complete sequence; and large subunit ribosomal RNA gene, partial sequence",694,1.39504e-84,311,401,77.5561097256858,99.5037220843672
"OTU101",403,"gi|70724261|gb|DQ029281.1|","Acacia victoriae isolate S59 small subunit ribosomal RNA gene, partial sequence; internal transcribed spacer 1, 5.8S ribosomal RNA gene, and internal transcribed spacer 2, complete sequence; and large subunit ribosomal RNA gene, partial sequence",700,4.86918e-84,312,403,77.4193548387097,100
"OTU101",403,"gi|70724261|gb|DQ029281.1|","Acacia victoriae isolate S59 small subunit ribosomal RNA gene, partial sequence; internal transcribed spacer 1, 5.8S ribosomal RNA gene, and internal transcribed spacer 2, complete sequence; and large subunit ribosomal RNA gene, partial sequence",700,0.0010763,30,30,100,7.44416873449131
"OTU101",403,"gi|70724260|gb|DQ029280.1|","Acacia victoriae isolate S61 small subunit ribosomal RNA gene, partial sequence; internal transcribed spacer 1, 5.8S ribosomal RNA gene, and internal transcribed spacer 2, complete sequence; and large subunit ribosomal RNA gene, partial sequence",700,4.86918e-84,312,403,77.4193548387097,100
"OTU101",403,"gi|390535590|gb|JQ265877.1|","Acacia exuvialis isolate b voucher RL1284JRAU internal transcribed spacer 1, 5.8S ribosomal RNA gene, and internal transcribed spacer 2, region",335,2.07043e-82,258,306,84.3137254901961,75.9305210918114
"OTU101",403,"gi|390535543|gb|JQ265830.1|","Acacia kirkii isolate b voucher RL1307JRAU internal transcribed spacer 1, 5.8S ribosomal RNA gene, and internal transcribed spacer 2, region",357,7.2265e-82,264,316,83.5443037974684,78.4119106699752
"OTU3",422,"gi|37728812|gb|AY174410.1|","Guilleminea densa 5.8S ribosomal RNA gene, partial sequence; internal transcribed spacer 2, complete sequence; and 26S ribosomal RNA gene, partial sequence",343,4.47317e-167,331,331,100,78.436018957346
"OTU3",422,"gi|27752975|gb|AY173411.1|","Guilleminea densa var. aggregata internal transcribed spacer 1, partial sequence; 5.8S ribosomal RNA gene and internal transcribed spacer 2, complete sequence; and 26S ribosomal RNA gene, partial sequence",634,5.44944e-166,336,339,99.1150442477876,80.3317535545024
"OTU3",422,"gi|527461711|gb|KC878616.1|","Achyranthes aspera voucher HPS_046_MT02 5.8S ribosomal RNA gene, partial sequence; internal transcribed spacer 2, complete sequence; and 28S ribosomal RNA gene, partial sequence",423,1.12619e-117,358,434,82.4884792626728,102.843601895735
"OTU3",422,"gi|27752754|gb|AY174377.1|","Froelichia floridana isolate GA internal transcribed spacer 1, 5.8S ribosomal RNA gene and internal transcribed spacer 2, complete sequence; and 26S ribosomal RNA gene, partial sequence",646,2.83037e-106,294,343,85.7142857142857,81.2796208530806
"OTU3",422,"gi|27752752|gb|AY174375.1|","Froelichia floridana isolate ocala internal transcribed spacer 1, 5.8S ribosomal RNA gene and internal transcribed spacer 2, complete sequence; and 26S ribosomal RNA gene, partial sequence",646,2.83037e-106,294,343,85.7142857142857,81.2796208530806
"OTU3",422,"gi|27752751|gb|AY174374.1|","Froelichia floridana isolate Gain internal transcribed spacer 1, 5.8S ribosomal RNA gene and internal transcribed spacer 2, complete sequence; and 26S ribosomal RNA gene, partial sequence >gi|27752753|gb|AY174376.1| Froelichia floridana isolate NE internal transcribed spacer 1, 5.8S ribosomal RNA gene and internal transcribed spacer 2, complete sequence; and 26S ribosomal RNA gene, partial sequence >gi|27752755|gb|AY174378.1| Froelichia floridana isolate OH internal transcribed spacer 1, 5.8S ribosomal RNA gene and internal transcribed spacer 2, complete sequence; and 26S ribosomal RNA gene, partial sequence >gi|27752756|gb|AY174379.1| Froelichia floridana isolate KS internal transcribed spacer 1, 5.8S ribosomal RNA gene and internal transcribed spacer 2, complete sequence; and 26S ribosomal RNA gene, partial sequence >gi|27752757|gb|AY174380.1| Froelichia floridana isolate AR internal transcribed spacer 1, 5.8S ribosomal RNA gene and internal transcribed spacer 2, complete sequence; and 26S ribosomal RNA gene, partial sequence",646,2.83037e-106,294,343,85.7142857142857,81.2796208530806
"OTU3",422,"gi|27752750|gb|AY174373.1|","Froelichia floridana isolate MO internal transcribed spacer 1, 5.8S ribosomal RNA gene and internal transcribed spacer 2, complete sequence; and 26S ribosomal RNA gene, partial sequence",646,2.83037e-106,294,343,85.7142857142857,81.2796208530806
"OTU3",422,"gi|27752749|gb|AY174372.1|","Froelichia floridana isolate IN internal transcribed spacer 1, 5.8S ribosomal RNA gene and internal transcribed spacer 2, complete sequence; and 26S ribosomal RNA gene, partial sequence",646,2.83037e-106,294,343,85.7142857142857,81.2796208530806
"OTU3",422,"gi|27752748|gb|AY174371.1|","Froelichia floridana isolate Hobe internal transcribed spacer 1, 5.8S ribosomal RNA gene and internal transcribed spacer 2, complete sequence; and 26S ribosomal RNA gene, partial sequence",646,2.83037e-106,294,343,85.7142857142857,81.2796208530806
"OTU3",422,"gi|27752746|gb|AY174369.1|","Froelichia floridana isolate WI internal transcribed spacer 1, 5.8S ribosomal RNA gene and internal transcribed spacer 2, complete sequence; and 26S ribosomal RNA gene, partial sequence",646,2.83037e-106,294,343,85.7142857142857,81.2796208530806
"OTU3",422,"gi|27752758|gb|AY174381.1|","Froelichia floridana isolate LLake internal transcribed spacer 1, 5.8S ribosomal RNA gene and internal transcribed spacer 2, complete sequence; and 26S ribosomal RNA gene, partial sequence",646,9.87896e-106,293,343,85.4227405247813,81.2796208530806
"OTU3",422,"gi|27752747|gb|AY174370.1|","Froelichia floridana isolate Lee internal transcribed spacer 1, 5.8S ribosomal RNA gene and internal transcribed spacer 2, complete sequence; and 26S ribosomal RNA gene, partial sequence",617,9.87896e-106,293,342,85.672514619883,81.042654028436
"OTU3",422,"gi|37728796|gb|AY174394.1|","Froelichia arizonica internal transcribed spacer 1, 5.8S ribosomal RNA gene and internal transcribed spacer 2, complete sequence; and 26S ribosomal RNA gene, partial sequence >gi|37728797|gb|AY174395.1| Froelichia arizonica internal transcribed spacer 1, 5.8S ribosomal RNA gene and internal transcribed spacer 2, complete sequence; and 26S ribosomal RNA gene, partial sequence",646,3.4481e-105,293,343,85.4227405247813,81.2796208530806
"OTU3",422,"gi|27752965|gb|AY173401.1|","Froelichia gracilis isolate MD internal transcribed spacer 1, partial sequence; 5.8S ribosomal RNA gene and internal transcribed spacer 2, complete sequence; and 26S ribosomal RNA gene, partial sequence",646,3.4481e-105,293,343,85.4227405247813,81.2796208530806
"OTU3",422,"gi|37728795|gb|AY174393.1|","Froelichia texana internal transcribed spacer 1, 5.8S ribosomal RNA gene and internal transcribed spacer 2, complete sequence; and 26S ribosomal RNA gene, partial sequence",616,4.20064e-104,291,341,85.3372434017595,80.8056872037915
"OTU3",422,"gi|27752973|gb|AY173409.1|","Froelichia gracilis isolate MO internal transcribed spacer 1, partial sequence; 5.8S ribosomal RNA gene and internal transcribed spacer 2, complete sequence; and 26S ribosomal RNA gene, partial sequence",646,4.20064e-104,292,343,85.131195335277,81.2796208530806
"OTU3",422,"gi|27752972|gb|AY173408.1|","Froelichia gracilis isolate OK internal transcribed spacer 1, partial sequence; 5.8S ribosomal RNA gene and internal transcribed spacer 2, complete sequence; and 26S ribosomal RNA gene, partial sequence",646,4.20064e-104,292,343,85.131195335277,81.2796208530806
"OTU3",422,"gi|27752964|gb|AY173400.1|","Froelichia gracilis isolate IL internal transcribed spacer 1, partial sequence; 5.8S ribosomal RNA gene and internal transcribed spacer 2, complete sequence; and 26S ribosomal RNA gene, partial sequence >gi|27752966|gb|AY173402.1| Froelichia gracilis isolate NC internal transcribed spacer 1, partial sequence; 5.8S ribosomal RNA gene and internal transcribed spacer 2, complete sequence; and 26S ribosomal RNA gene, partial sequence",646,4.20064e-104,292,343,85.131195335277,81.2796208530806
"OTU3",422,"gi|37728803|gb|AY174401.1|","Froelichia drummondii internal transcribed spacer 1, 5.8S ribosomal RNA gene and internal transcribed spacer 2, complete sequence; and 26S ribosomal RNA gene, partial sequence",646,1.46617e-103,292,343,85.131195335277,81.2796208530806
"OTU3",422,"gi|37728791|gb|AY174389.1|","Froelichia xantusii internal transcribed spacer 1, 5.8S ribosomal RNA gene and internal transcribed spacer 2, complete sequence; and 26S ribosomal RNA gene, partial sequence",642,1.78616e-102,291,342,85.0877192982456,81.042654028436
"OTU2",434,"gi|923095939|gb|KR184832.1|","Bouteloua aristidoides voucher Soderstrom 199 (US) internal transcribed spacer 1, partial sequence; 5.8S ribosomal RNA gene and internal transcribed spacer 2, complete sequence; and 28S ribosomal RNA gene, partial sequence",659,3.11829e-169,341,345,98.8405797101449,79.4930875576037
"OTU2",434,"gi|295152828|gb|GU359279.1|","Bouteloua aristidoides voucher US:Peterson 21994 & Saarela internal transcribed spacer 1, partial sequence; 5.8S ribosomal RNA gene, complete sequence; and internal transcribed spacer 2, partial sequence",660,3.11829e-169,341,345,98.8405797101449,79.4930875576037
"OTU2",434,"gi|923095938|gb|KR184831.1|","Bouteloua aristidoides var. arizonica voucher Benson 10400 (US) internal transcribed spacer 1, partial sequence; 5.8S ribosomal RNA gene and internal transcribed spacer 2, complete sequence; and 28S ribosomal RNA gene, partial sequence",659,1.32593e-167,340,345,98.5507246376812,79.4930875576037
"OTU2",434,"gi|139539062|gb|EF153025.1|","Bouteloua aristidoides var. aristidoides internal transcribed spacer 1, 5.8S ribosomal RNA gene, and internal transcribed spacer 2, complete sequence",590,1.9696e-146,294,295,99.6610169491526,67.9723502304147
"OTU2",434,"gi|164580313|gb|EU338389.1|","Angiosperm environmental sample clone C257 18S ribosomal RNA gene, partial sequence; internal transcribed spacer 1 and 5.8S ribosomal RNA gene, complete sequence; and internal transcribed spacer 2, partial sequence",710,1.24295e-142,325,347,93.6599423631124,79.9539170506912
"OTU2",434,"gi|95102184|gb|DQ497245.1|","Angiosperm environmental sample clone BGC35 internal transcribed spacer 1, partial sequence; 5.8S ribosomal RNA gene, complete sequence; and internal transcribed spacer 2, partial sequence",542,1.72773e-134,308,330,93.3333333333333,76.036866359447
"OTU2",434,"gi|109293739|gb|DQ645748.1|","Angiosperm environmental sample isolate SBPCR325A 18S ribosomal RNA gene, partial sequence; internal transcribed spacer 1, 5.8S ribosomal RNA gene, and internal transcribed spacer 2, complete sequence; and 28S ribosomal RNA gene, partial sequence",741,2.56418e-132,317,345,91.8840579710145,79.4930875576037
"OTU2",434,"gi|923096026|gb|KR184919.1|","Bouteloua hirsuta subsp. pectinata voucher Gould 11775b & Roy (US) internal transcribed spacer 1, partial sequence; 5.8S ribosomal RNA gene and internal transcribed spacer 2, complete sequence; and 28S ribosomal RNA gene, partial sequence",657,1.61817e-128,312,345,90.4347826086957,79.4930875576037
"OTU2",434,"gi|923095986|gb|KR184879.1|","Bouteloua eriopoda voucher Peterson 19963 & Lara Contreras (US) internal transcribed spacer 1, partial sequence; 5.8S ribosomal RNA gene, complete sequence; and internal transcribed spacer 2, partial sequence",619,6.88064e-127,287,306,93.7908496732026,70.5069124423963
"OTU2",434,"gi|923096027|gb|KR184920.1|","Bouteloua hirsuta subsp. pectinata voucher Roy 138 (US) internal transcribed spacer 1, partial sequence; 5.8S ribosomal RNA gene and internal transcribed spacer 2, complete sequence; and 28S ribosomal RNA gene, partial sequence",657,8.38234e-126,310,345,89.8550724637681,79.4930875576037
"OTU2",434,"gi|923096015|gb|KR184908.1|","Bouteloua karwinskii voucher Rosales 3362 & Herrera Arieta (CIIDIR) internal transcribed spacer 1, partial sequence; 5.8S ribosomal RNA gene and internal transcribed spacer 2, complete sequence; and 28S ribosomal RNA gene, partial sequence",666,9.56424e-119,309,351,88.034188034188,80.8755760368664
"OTU2",434,"gi|923096013|gb|KR184906.1|","Bouteloua karwinskii voucher Reeder 4001 & Reeder (US) internal transcribed spacer 1, partial sequence; 5.8S ribosomal RNA gene and internal transcribed spacer 2, complete sequence; and 28S ribosomal RNA gene, partial sequence",666,9.56424e-119,309,351,88.034188034188,80.8755760368664
"OTU2",434,"gi|923096012|gb|KR184905.1|","Bouteloua karwinskii voucher Herrera Arrieta 1478, De La Cerda & Rosales (CIIDIR) internal transcribed spacer 1, partial sequence; 5.8S ribosomal RNA gene and internal transcribed spacer 2, complete sequence; and 28S ribosomal RNA gene, partial sequence",666,9.56424e-119,309,351,88.034188034188,80.8755760368664
"OTU2",434,"gi|923096011|gb|KR184904.1|","Bouteloua karwinskii voucher Hernandez-Xolocotzi N-2057 & Mathus (US) internal transcribed spacer 1, partial sequence; 5.8S ribosomal RNA gene and internal transcribed spacer 2, complete sequence; and 28S ribosomal RNA gene, partial sequence",666,9.56424e-119,309,351,88.034188034188,80.8755760368664
"OTU2",434,"gi|923096014|gb|KR184907.1|","Bouteloua karwinskii voucher Reeder 7060 & Reeder (US) internal transcribed spacer 1, partial sequence; 5.8S ribosomal RNA gene and internal transcribed spacer 2, complete sequence; and 28S ribosomal RNA gene, partial sequence",666,1.16516e-117,308,351,87.7492877492877,80.8755760368664
"OTU2",434,"gi|923096044|gb|KR184937.1|","Bouteloua repens voucher Peterson 24630 & Romaschenko (US) internal transcribed spacer 1, partial sequence; 5.8S ribosomal RNA gene and internal transcribed spacer 2, complete sequence; and 28S ribosomal RNA gene, partial sequence",668,2.10666e-114,308,354,87.0056497175141,81.5668202764977
"OTU2",434,"gi|923096043|gb|KR184936.1|","Bouteloua repens voucher Peterson 16738, Valdes-Reyna & Sosa Morales (US) internal transcribed spacer 1, partial sequence; 5.8S ribosomal RNA gene and internal transcribed spacer 2, complete sequence; and 28S ribosomal RNA gene, partial sequence",668,2.10666e-114,308,354,87.0056497175141,81.5668202764977
"OTU2",434,"gi|923096041|gb|KR184934.1|","Bouteloua repens voucher Gould 9667 (US) internal transcribed spacer 1, partial sequence; 5.8S ribosomal RNA gene and internal transcribed spacer 2, complete sequence; and 28S ribosomal RNA gene, partial sequence",668,2.10666e-114,308,354,87.0056497175141,81.5668202764977
"OTU2",434,"gi|923096039|gb|KR184932.1|","Bouteloua repens voucher De la Cerda-Lemus 5947 (CIIDIR) internal transcribed spacer 1, partial sequence; 5.8S ribosomal RNA gene and internal transcribed spacer 2, complete sequence; and 28S ribosomal RNA gene, partial sequence",668,2.10666e-114,308,354,87.0056497175141,81.5668202764977
"OTU2",434,"gi|923096037|gb|KR184930.1|","Bouteloua radicosa voucher Herrera Arrieta 1382 & Cortes (CIIDIR) internal transcribed spacer 1, partial sequence; 5.8S ribosomal RNA gene and internal transcribed spacer 2, complete sequence; and 28S ribosomal RNA gene, partial sequence",668,2.56644e-113,307,354,86.7231638418079,81.5668202764977
"OTU5",436,"gi|34821967|gb|AY308557.1|","Hoffmannseggia glauca isolate 176 internal transcribed spacer 1, partial sequence; 5.8S ribosomal RNA gene, complete sequence; and internal transcribed spacer 2, partial sequence",635,2.57482e-151,302,302,100,69.2660550458716
"OTU5",436,"gi|756402869|gb|KP003690.1|","Hoffmannseggia glauca voucher Spellenberg 12699 (MT) internal transcribed spacer 1, partial sequence; 5.8S ribosomal RNA gene, complete sequence; and internal transcribed spacer 2, partial sequence >gi|1091543651|gb|KX372793.1| Hoffmannseggia glauca voucher Gagnon and Marazzi EG2010.019 (MT) internal transcribed spacer 1, partial sequence; 5.8S ribosomal RNA gene, complete sequence; and internal transcribed spacer 2, partial sequence",632,1.09484e-149,299,299,100,68.5779816513761
"OTU5",436,"gi|1091543650|gb|KX372792.1|","Hoffmannseggia glauca voucher Gagnon and Marazzi EG2010.005 (MT) internal transcribed spacer 1, partial sequence; 5.8S ribosomal RNA gene, complete sequence; and internal transcribed spacer 2, partial sequence",632,1.33379e-148,298,299,99.6655518394649,68.5779816513761
"OTU5",436,"gi|34821968|gb|AY308558.1|","Hoffmannseggia glauca isolate 24 internal transcribed spacer 1, partial sequence; 5.8S ribosomal RNA gene, complete sequence; and internal transcribed spacer 2, partial sequence",635,1.33379e-148,300,302,99.3377483443709,69.2660550458716
"OTU5",436,"gi|34821831|gb|AY308512.1|","Hoffmannseggia erecta x Hoffmannseggia trifoliata isolate 8BH5 internal transcribed spacer 1, partial sequence; 5.8S ribosomal RNA gene, complete sequence; and internal transcribed spacer 2, partial sequence",628,4.08731e-117,279,302,92.3841059602649,69.2660550458716
"OTU5",436,"gi|34821830|gb|AY308511.1|","Hoffmannseggia erecta x Hoffmannseggia trifoliata isolate 6H5 internal transcribed spacer 1, partial sequence; 5.8S ribosomal RNA gene, complete sequence; and internal transcribed spacer 2, partial sequence",626,4.08731e-117,279,302,92.3841059602649,69.2660550458716
"OTU5",436,"gi|34821828|gb|AY308509.1|","Hoffmannseggia erecta x Hoffmannseggia trifoliata isolate 4BH5 internal transcribed spacer 1, partial sequence; 5.8S ribosomal RNA gene, complete sequence; and internal transcribed spacer 2, partial sequence",629,4.08731e-117,279,302,92.3841059602649,69.2660550458716
"OTU5",436,"gi|34821824|gb|AY308505.1|","Hoffmannseggia erecta x Hoffmannseggia trifoliata isolate 1BH5 internal transcribed spacer 1, partial sequence; 5.8S ribosomal RNA gene, complete sequence; and internal transcribed spacer 2, partial sequence",628,4.08731e-117,279,302,92.3841059602649,69.2660550458716
"OTU5",436,"gi|34821823|gb|AY308504.1|","Hoffmannseggia erecta x Hoffmannseggia trifoliata isolate 1H5 internal transcribed spacer 1, partial sequence; 5.8S ribosomal RNA gene, complete sequence; and internal transcribed spacer 2, partial sequence",628,4.08731e-117,279,302,92.3841059602649,69.2660550458716
"OTU5",436,"gi|34821826|gb|AY308507.1|","Hoffmannseggia erecta x Hoffmannseggia trifoliata isolate 3H5 internal transcribed spacer 1, partial sequence; 5.8S ribosomal RNA gene, complete sequence; and internal transcribed spacer 2, partial sequence",628,1.73797e-115,278,302,92.0529801324503,69.2660550458716
"OTU5",436,"gi|34821986|gb|AY308576.1|","Hoffmannseggia trifoliata isolate H4 internal transcribed spacer 1, partial sequence; 5.8S ribosomal RNA gene, complete sequence; and internal transcribed spacer 2, partial sequence",627,2.11728e-114,278,302,92.0529801324503,69.2660550458716
"OTU5",436,"gi|34821838|gb|AY308519.1|","Hoffmannseggia erecta x Hoffmannseggia trifoliata isolate 6BH6 internal transcribed spacer 1, partial sequence; 5.8S ribosomal RNA gene, complete sequence; and internal transcribed spacer 2, partial sequence",632,2.11728e-114,277,302,91.7218543046358,69.2660550458716
"OTU5",436,"gi|34821833|gb|AY308514.1|","Hoffmannseggia erecta x Hoffmannseggia trifoliata isolate 1H6 internal transcribed spacer 1, partial sequence; 5.8S ribosomal RNA gene, complete sequence; and internal transcribed spacer 2, partial sequence",628,2.11728e-114,277,302,91.7218543046358,69.2660550458716
"OTU5",436,"gi|34821827|gb|AY308508.1|","Hoffmannseggia erecta x Hoffmannseggia trifoliata isolate 4H5 internal transcribed spacer 1, partial sequence; 5.8S ribosomal RNA gene, complete sequence; and internal transcribed spacer 2, partial sequence",628,2.11728e-114,277,302,91.7218543046358,69.2660550458716
"OTU5",436,"gi|34821965|gb|AY308555.1|","Hoffmannseggia erecta isolate 161 internal transcribed spacer 1, partial sequence; 5.8S ribosomal RNA gene, complete sequence; and internal transcribed spacer 2, partial sequence",632,2.57937e-113,276,302,91.3907284768212,69.2660550458716
"OTU5",436,"gi|34821836|gb|AY308517.1|","Hoffmannseggia erecta x Hoffmannseggia trifoliata isolate 4BH6 internal transcribed spacer 1, partial sequence; 5.8S ribosomal RNA gene, complete sequence; and internal transcribed spacer 2, partial sequence >gi|34821839|gb|AY308520.1| Hoffmannseggia erecta x Hoffmannseggia trifoliata isolate 7H6 internal transcribed spacer 1, partial sequence; 5.8S ribosomal RNA gene, complete sequence; and internal transcribed spacer 2, partial sequence >gi|34821840|gb|AY308521.1| Hoffmannseggia erecta x Hoffmannseggia trifoliata isolate 9H6 internal transcribed spacer 1, partial sequence; 5.8S ribosomal RNA gene, complete sequence; and internal transcribed spacer 2, partial sequence",632,9.00289e-113,276,302,91.3907284768212,69.2660550458716
"OTU5",436,"gi|34821829|gb|AY308510.1|","Hoffmannseggia erecta x Hoffmannseggia trifoliata isolate 5BH5 internal transcribed spacer 1, partial sequence; 5.8S ribosomal RNA gene, complete sequence; and internal transcribed spacer 2, partial sequence",631,9.00289e-113,276,302,91.3907284768212,69.2660550458716
"OTU5",436,"gi|34821825|gb|AY308506.1|","Hoffmannseggia erecta x Hoffmannseggia trifoliata isolate 2BH5 internal transcribed spacer 1, partial sequence; 5.8S ribosomal RNA gene, complete sequence; and internal transcribed spacer 2, partial sequence",632,9.00289e-113,276,302,91.3907284768212,69.2660550458716
"OTU5",436,"gi|34821990|gb|AY308580.1|","Hoffmannseggia yaviensis isolate H8 internal transcribed spacer 1, partial sequence; 5.8S ribosomal RNA gene, complete sequence; and internal transcribed spacer 2, partial sequence",631,3.14232e-112,276,303,91.0891089108911,69.4954128440367
"OTU5",436,"gi|34821978|gb|AY308568.1|","Hoffmannseggia prostrata isolate 31 internal transcribed spacer 1, partial sequence; 5.8S ribosomal RNA gene, complete sequence; and internal transcribed spacer 2, partial sequence",630,3.14232e-112,276,303,91.0891089108911,69.4954128440367
"OTU6",445,"gi|347514945|gb|HM347030.1|","Eragrostis trichophora internal transcribed spacer 1, partial sequence; 5.8S ribosomal RNA gene, complete sequence; and internal transcribed spacer 2, partial sequence",721,5.79422e-166,342,350,97.7142857142857,78.6516853932584
"OTU6",445,"gi|347514950|gb|HM347035.1|","Eragrostis porosa internal transcribed spacer 1, partial sequence; 5.8S ribosomal RNA gene, complete sequence; and internal transcribed spacer 2, partial sequence",705,2.46377e-164,335,341,98.2404692082112,76.6292134831461
"OTU6",445,"gi|295152853|gb|GU359304.1|","Eragrostis weberbaueri voucher US:Peterson 21807 & Soreng internal transcribed spacer 1, partial sequence; 5.8S ribosomal RNA gene, complete sequence; and internal transcribed spacer 2, partial sequence",668,5.08269e-154,337,355,94.9295774647887,79.7752808988764
"OTU6",445,"gi|295152840|gb|GU359291.1|","Eragrostis kennedyae voucher US:Peterson 14446, Soreng & Rosenberg internal transcribed spacer 1, partial sequence; 5.8S ribosomal RNA gene, complete sequence; and internal transcribed spacer 2, partial sequence",671,7.54338e-152,335,355,94.3661971830986,79.7752808988764
"OTU6",445,"gi|758845627|gb|KP057024.1|","Eragrostis curvula voucher HCCN-PJ008548-PB-258 internal transcribed spacer 1, partial sequence; 5.8S ribosomal RNA gene, complete sequence; and internal transcribed spacer 2, partial sequence >gi|758845628|gb|KP057025.1| Eragrostis curvula voucher HCCN-PJ008548-PB-282 internal transcribed spacer 1, partial sequence; 5.8S ribosomal RNA gene, complete sequence; and internal transcribed spacer 2, partial sequence",641,2.6329e-151,307,310,99.0322580645161,69.6629213483146
"OTU6",445,"gi|758845626|gb|KP057023.1|","Eragrostis curvula voucher NIBRVP0000274827 internal transcribed spacer 1, partial sequence; 5.8S ribosomal RNA gene, complete sequence; and internal transcribed spacer 2, partial sequence",641,2.6329e-151,307,310,99.0322580645161,69.6629213483146
"OTU6",445,"gi|341872766|gb|HQ600494.1|","Eragrostis curvula internal transcribed spacer 1, partial sequence; 5.8S ribosomal RNA gene, complete sequence; and internal transcribed spacer 2, partial sequence",611,2.6329e-151,307,310,99.0322580645161,69.6629213483146
"OTU6",445,"gi|109693395|gb|DQ655819.1|","Eragrostis lehmanniana var. lehmanniana voucher Swart20 internal transcribed spacer 1, 5.8S ribosomal RNA gene, and internal transcribed spacer 2, complete sequence",598,3.20753e-150,300,300,100,67.4157303370787
"OTU6",445,"gi|295152846|gb|GU359297.1|","Eragrostis dielsii voucher US:Peterson 14399, Soreng & Rosenberg internal transcribed spacer 1, partial sequence; 5.8S ribosomal RNA gene, complete sequence; and internal transcribed spacer 2, partial sequence",671,3.90757e-149,333,355,93.8028169014084,79.7752808988764
"OTU6",445,"gi|295152662|gb|GU359113.1|","Harpachne harpachnoides voucher US:Soreng 5288, Peterson & Sun Hang internal transcribed spacer 1, partial sequence; 5.8S ribosomal RNA gene, complete sequence; and internal transcribed spacer 2, partial sequence",672,1.36387e-148,332,355,93.5211267605634,79.7752808988764
"OTU6",445,"gi|295152880|gb|GU359331.1|","Eragrostis parviflora voucher US:Peterson 14445, Soreng & Rosenberg internal transcribed spacer 1, partial sequence; 5.8S ribosomal RNA gene, complete sequence; and internal transcribed spacer 2, partial sequence",669,4.76039e-148,333,355,93.8028169014084,79.7752808988764
"OTU6",445,"gi|295152855|gb|GU359306.1|","Eragrostis curvula voucher US:Peterson 20542, Soreng & Romaschenko internal transcribed spacer 1, partial sequence; 5.8S ribosomal RNA gene, complete sequence; and internal transcribed spacer 2, partial sequence",669,5.79934e-147,332,355,93.5211267605634,79.7752808988764
"OTU6",445,"gi|295152886|gb|GU359337.1|","Ectrosia schultzii voucher US:Latz 2237 internal transcribed spacer 1, partial sequence; 5.8S ribosomal RNA gene, complete sequence; and internal transcribed spacer 2, partial sequence",672,2.02417e-146,330,355,92.9577464788732,79.7752808988764
"OTU6",445,"gi|32364904|gb|AF498394.1|","Eragrostis curvula internal transcribed spacer 1, 5.8S ribosomal RNA gene, and internal transcribed spacer 2, complete sequence",598,2.02417e-146,298,301,99.0033222591362,67.6404494382022
"OTU6",445,"gi|295152866|gb|GU359317.1|","Ectrosia scabrida voucher US:Lazarides 4772 internal transcribed spacer 1, partial sequence; 5.8S ribosomal RNA gene, complete sequence; and internal transcribed spacer 2, partial sequence",672,7.06505e-146,330,355,92.9577464788732,79.7752808988764
"OTU6",445,"gi|109693396|gb|DQ655820.1|","Eragrostis curvula voucher Spies5191 internal transcribed spacer 1, partial sequence; and 5.8S ribosomal RNA gene and internal transcribed spacer 2, complete sequence",536,7.06505e-146,297,300,99,67.4157303370787
"OTU6",445,"gi|762023903|gb|KJ768883.1|","Eragrostis parviflora voucher Snow 7357 & Simon (MO) 18S ribosomal RNA gene, partial sequence; internal transcribed spacer 1, 5.8S ribosomal RNA gene, and internal transcribed spacer 2, complete sequence; and 28S ribosomal RNA gene, partial sequence",682,2.46594e-145,324,345,93.9130434782609,77.5280898876404
"OTU6",445,"gi|347514927|gb|HM347012.1|","Eragrostis gummiflua internal transcribed spacer 1, partial sequence; 5.8S ribosomal RNA gene, complete sequence; and internal transcribed spacer 2, partial sequence",754,2.46594e-145,329,355,92.6760563380282,79.7752808988764
"OTU6",445,"gi|295152856|gb|GU359307.1|","Eragrostis mexicana voucher US:Peterson 21155, Saarela, Rosen & Reid internal transcribed spacer 1, partial sequence; 5.8S ribosomal RNA gene, complete sequence; and internal transcribed spacer 2, partial sequence",663,2.46594e-145,330,355,92.9577464788732,79.7752808988764
"OTU6",445,"gi|109693397|gb|DQ655821.1|","Eragrostis curvula voucher Spies6947 internal transcribed spacer 1, 5.8S ribosomal RNA gene, and internal transcribed spacer 2, complete sequence",597,2.46594e-145,296,300,98.6666666666667,67.4157303370787
"OTU11",437,"gi|323690666|gb|HQ386689.1|","Boerhavia diffusa 18S ribosomal RNA gene, partial sequence; internal transcribed spacer 1, 5.8S ribosomal RNA gene, and internal transcribed spacer 2, complete sequence; and 28S ribosomal RNA gene, partial sequence",670,6.47585e-178,353,354,99.7175141242938,81.0068649885583
"OTU11",437,"gi|937627421|gb|KR215623.1|","Boerhavia diffusa isolate UAS-SEC136 internal transcribed spacer 1, partial sequence; 5.8S ribosomal RNA gene and internal transcribed spacer 2, complete sequence; and 28S ribosomal RNA gene, partial sequence",887,2.7536e-176,353,355,99.4366197183099,81.2356979405034
"OTU11",437,"gi|937627422|gb|KR215624.1|","Boerhavia diffusa isolate UAS-SEC137 internal transcribed spacer 1, partial sequence; 5.8S ribosomal RNA gene and internal transcribed spacer 2, complete sequence; and 28S ribosomal RNA gene, partial sequence",910,9.61101e-176,357,362,98.6187845303867,82.837528604119
"OTU11",437,"gi|323690667|gb|HQ386691.1|","Boerhavia erecta 18S ribosomal RNA gene, partial sequence; internal transcribed spacer 1, 5.8S ribosomal RNA gene, and internal transcribed spacer 2, complete sequence; and 28S ribosomal RNA gene, partial sequence",652,9.61101e-176,352,354,99.4350282485876,81.0068649885583
"OTU11",437,"gi|84313834|gb|DQ317084.1|","Boerhavia coccinea isolate MF7723 18S ribosomal RNA gene, partial sequence; internal transcribed spacer 1, 5.8S ribosomal RNA gene, and internal transcribed spacer 2, complete sequence; and 26S ribosomal RNA gene, partial sequence",680,4.08671e-174,344,344,100,78.7185354691076
"OTU11",437,"gi|84313833|gb|DQ317083.1|","Boerhavia gracillima isolate MF7718 18S ribosomal RNA gene, partial sequence; internal transcribed spacer 1, 5.8S ribosomal RNA gene, and internal transcribed spacer 2, complete sequence; and 26S ribosomal RNA gene, partial sequence",680,2.11697e-171,342,344,99.4186046511628,78.7185354691076
"OTU11",437,"gi|7682636|gb|AF212013.1|","Boerhavia coccinea 18S ribosomal RNA gene, partial sequence; internal transcribed spacer 1, 5.8S ribosomal RNA gene and internal transcribed spacer 2, complete sequence; and 26S ribosomal RNA gene, partial sequence",661,5.68061e-166,333,334,99.7005988023952,76.4302059496568
"OTU11",437,"gi|126517538|gb|EF079472.1|","Boerhavia coccinea isolate 13275 18S ribosomal RNA gene, partial sequence; internal transcribed spacer 1, 5.8S ribosomal RNA gene, and internal transcribed spacer 2, complete sequence; and 26S ribosomal RNA gene, partial sequence >gi|257449368|gb|GQ470543.1| Boerhavia coccinea voucher AMWF20 18S ribosomal RNA gene, partial sequence; internal transcribed spacer 1, 5.8S ribosomal RNA gene, and internal transcribed spacer 2, complete sequence; and 28S ribosomal RNA gene, partial sequence",632,6.07057e-153,305,305,100,69.7940503432494
"OTU11",437,"gi|84313832|gb|DQ317082.1|","Boerhavia intermedia isolate MF7716 18S ribosomal RNA gene, partial sequence; internal transcribed spacer 1, 5.8S ribosomal RNA gene, and internal transcribed spacer 2, complete sequence; and 26S ribosomal RNA gene, partial sequence",680,2.11884e-152,328,344,95.3488372093023,78.7185354691076
"OTU11",437,"gi|84313831|gb|DQ317081.1|","Boerhavia spicata isolate MF7715 18S ribosomal RNA gene, partial sequence; internal transcribed spacer 1, 5.8S ribosomal RNA gene, and internal transcribed spacer 2, complete sequence; and 26S ribosomal RNA gene, partial sequence",680,2.11884e-152,328,344,95.3488372093023,78.7185354691076
"OTU11",437,"gi|568218756|gb|KF539947.1|","Boerhavia deserticola internal transcribed spacer 1, partial sequence; 5.8S ribosomal RNA gene, complete sequence; and internal transcribed spacer 2, partial sequence >gi|568218757|gb|KF539948.1| Boerhavia erecta internal transcribed spacer 1, partial sequence; 5.8S ribosomal RNA gene, complete sequence; and internal transcribed spacer 2, partial sequence",615,2.58127e-151,304,305,99.672131147541,69.7940503432494
"OTU11",437,"gi|568218755|gb|KF539946.1|","Boerhavia diffusa internal transcribed spacer 1, partial sequence; 5.8S ribosomal RNA gene, complete sequence; and internal transcribed spacer 2, partial sequence",615,2.58127e-151,304,305,99.672131147541,69.7940503432494
"OTU11",437,"gi|84313830|gb|DQ317080.1|","Boerhavia erecta isolate MF7655 18S ribosomal RNA gene, partial sequence; internal transcribed spacer 1, 5.8S ribosomal RNA gene, and internal transcribed spacer 2, complete sequence; and 26S ribosomal RNA gene, partial sequence",680,9.00953e-151,327,344,95.0581395348837,78.7185354691076
"OTU11",437,"gi|568218758|gb|KF539949.1|","Boerhavia hereroensis internal transcribed spacer 1, partial sequence; 5.8S ribosomal RNA gene, complete sequence; and internal transcribed spacer 2, partial sequence",615,3.14463e-150,303,305,99.344262295082,69.7940503432494
"OTU11",437,"gi|568218754|gb|KF539945.1|","Boerhavia cordobensis internal transcribed spacer 1, partial sequence; 5.8S ribosomal RNA gene, complete sequence; and internal transcribed spacer 2, partial sequence",615,3.14463e-150,303,305,99.344262295082,69.7940503432494
"OTU11",437,"gi|126517546|gb|EF079480.1|","Boerhavia repens isolate NMSU25 18S ribosomal RNA gene, partial sequence; internal transcribed spacer 1, 5.8S ribosomal RNA gene, and internal transcribed spacer 2, complete sequence; and 26S ribosomal RNA gene, partial sequence",631,3.83095e-149,302,305,99.016393442623,69.7940503432494
"OTU11",437,"gi|568218753|gb|KF539944.1|","Boerhavia coccinea internal transcribed spacer 1, partial sequence; 5.8S ribosomal RNA gene, complete sequence; and internal transcribed spacer 2, partial sequence",615,1.62896e-147,301,305,98.6885245901639,69.7940503432494
"OTU11",437,"gi|126517545|gb|EF079479.1|","Boerhavia gracillima isolate NMSU14 18S ribosomal RNA gene, partial sequence; internal transcribed spacer 1, 5.8S ribosomal RNA gene, and internal transcribed spacer 2, complete sequence; and 26S ribosomal RNA gene, partial sequence",632,5.68563e-147,302,306,98.6928104575163,70.0228832951945
"OTU11",437,"gi|747154854|gb|KM887369.1|","Plantago major isolate SBB-1414 internal transcribed spacer 1, partial sequence; 5.8S ribosomal RNA gene, complete sequence; and internal transcribed spacer 2, partial sequence",617,1.98448e-146,300,303,99.009900990099,69.3363844393593
"OTU11",437,"gi|532292899|gb|KC922441.1|","Boerhavia diffusa internal transcribed spacer 1, partial sequence; 5.8S ribosomal RNA gene, complete sequence; and internal transcribed spacer 2, partial sequence",596,8.43822e-145,292,293,99.6587030716723,67.0480549199085
"OTU12",446,"gi|1069777750|gb|KT948629.1|","Panicum miliaceum 5.8S ribosomal RNA gene, partial sequence; internal transcribed spacer 2, complete sequence; and 28S ribosomal RNA gene, partial sequence",446,0,428,443,96.6139954853273,99.3273542600897
"OTU12",446,"gi|22773666|gb|AY129700.1|","Panicum capillare internal transcribed spacer 1, 5.8S ribosomal RNA and internal transcribed spacer 2, complete sequence",702,0,377,383,98.4334203655353,85.8744394618834
"OTU12",446,"gi|22773658|gb|AY129692.1|","Panicum hallii internal transcribed spacer 1, 5.8S ribosomal RNA and internal transcribed spacer 2, complete sequence",702,5.4353e-179,371,383,96.8668407310705,85.8744394618834
"OTU12",446,"gi|940377078|gb|KP878916.1|","Yakirra muelleri voucher R.J. Cumming 15571 18S ribosomal RNA gene, partial sequence; internal transcribed spacer 1, 5.8S ribosomal RNA gene, and internal transcribed spacer 2, complete sequence; and 26S ribosomal RNA gene, partial sequence",789,2.31115e-177,377,395,95.4430379746835,88.5650224215247
"OTU12",446,"gi|22773676|gb|AY129710.1|","Panicum lanipes internal transcribed spacer 1, 5.8S ribosomal RNA and internal transcribed spacer 2, complete sequence",700,3.43005e-175,369,383,96.3446475195823,85.8744394618834
"OTU12",446,"gi|940377081|gb|KP878919.1|","Yakirra pauciflora voucher K. Pajimans 2355 18S ribosomal RNA gene, partial sequence; internal transcribed spacer 1, 5.8S ribosomal RNA gene, and internal transcribed spacer 2, complete sequence; and 26S ribosomal RNA gene, partial sequence",789,1.19721e-174,375,395,94.9367088607595,88.5650224215247
"OTU12",446,"gi|940377077|gb|KP878915.1|","Yakirra majuscula voucher S. Legge & S. Murphy 856 18S ribosomal RNA gene, partial sequence; internal transcribed spacer 1, 5.8S ribosomal RNA gene, and internal transcribed spacer 2, complete sequence; and 26S ribosomal RNA gene, partial sequence >gi|940377080|gb|KP878918.1| Yakirra pauciflora voucher I. Cowie 2698 18S ribosomal RNA gene, partial sequence; internal transcribed spacer 1, 5.8S ribosomal RNA gene, and internal transcribed spacer 2, complete sequence; and 26S ribosomal RNA gene, partial sequence",789,1.19721e-174,375,395,94.9367088607595,88.5650224215247
"OTU12",446,"gi|940377075|gb|KP878913.1|","Yakirra australiensis var. australiensis voucher S. Legge & S. Murphy 22 18S ribosomal RNA gene, partial sequence; internal transcribed spacer 1, 5.8S ribosomal RNA gene, and internal transcribed spacer 2, complete sequence; and 26S ribosomal RNA gene, partial sequence",789,1.45849e-173,374,395,94.6835443037975,88.5650224215247
"OTU12",446,"gi|22773682|gb|AY129716.1|","Panicum miliaceum from Turkey internal transcribed spacer 1, 5.8S ribosomal RNA and internal transcribed spacer 2, complete sequence",703,1.45849e-173,367,383,95.822454308094,85.8744394618834
"OTU12",446,"gi|22773681|gb|AY129715.1|","Panicum miliaceum from China internal transcribed spacer 1, 5.8S ribosomal RNA and internal transcribed spacer 2, complete sequence",702,1.45849e-173,367,383,95.822454308094,85.8744394618834
"OTU12",446,"gi|22773680|gb|AY129714.1|","Panicum miliaceum from Bulgaria internal transcribed spacer 1, 5.8S ribosomal RNA and internal transcribed spacer 2, complete sequence",703,1.45849e-173,367,383,95.822454308094,85.8744394618834
"OTU12",446,"gi|940377083|gb|KP878921.1|","Yakirra pauciflora voucher I. Cowie & G. Leach 3891 18S ribosomal RNA gene, partial sequence; internal transcribed spacer 1, 5.8S ribosomal RNA gene, and internal transcribed spacer 2, complete sequence; and 26S ribosomal RNA gene, partial sequence",789,5.09065e-173,374,395,94.6835443037975,88.5650224215247
"OTU12",446,"gi|940377076|gb|KP878914.1|","Yakirra australiensis var. intermedia voucher K.F. Kenneally 10619 18S ribosomal RNA gene, partial sequence; internal transcribed spacer 1, 5.8S ribosomal RNA gene, and internal transcribed spacer 2, complete sequence; and 26S ribosomal RNA gene, partial sequence",789,5.09065e-173,374,395,94.6835443037975,88.5650224215247
"OTU12",446,"gi|940377082|gb|KP878920.1|","Yakirra pauciflora voucher A.A. Mitchell 3820 18S ribosomal RNA gene, partial sequence; internal transcribed spacer 1, 5.8S ribosomal RNA gene, and internal transcribed spacer 2, complete sequence; and 26S ribosomal RNA gene, partial sequence",789,6.20168e-172,373,395,94.4303797468354,88.5650224215247
"OTU12",446,"gi|940377067|gb|KP878905.1|","Panicum aquaticum voucher C. Silva & L.A. Jesus Junior 853 18S ribosomal RNA gene, partial sequence; internal transcribed spacer 1, 5.8S ribosomal RNA gene, and internal transcribed spacer 2, complete sequence; and 26S ribosomal RNA gene, partial sequence",789,6.20168e-172,373,395,94.4303797468354,88.5650224215247
"OTU12",446,"gi|940377068|gb|KP878906.1|","Panicum cervicatum voucher C. Silva, A.R. Barbosa, C. Snak & J.G. Rando 591 18S ribosomal RNA gene, partial sequence; internal transcribed spacer 1, 5.8S ribosomal RNA gene, and internal transcribed spacer 2, complete sequence; and 26S ribosomal RNA gene, partial sequence",788,7.55519e-171,373,395,94.4303797468354,88.5650224215247
"OTU12",446,"gi|1127900942|emb|LT593966.1|","Brachiaria fragrans genomic DNA containing ETS-18S-ITS1-5.8S-ITS2-26S region, specimen voucher H. Perrier de la Bathie 11217 (P)",6775,2.63702e-170,407,448,90.8482142857143,100.448430493274
"OTU12",446,"gi|940377069|gb|KP878907.1|","Panicum racemosum voucher C. Silva & L.A. Jesus Junior 852 18S ribosomal RNA gene, partial sequence; internal transcribed spacer 1, 5.8S ribosomal RNA gene, and internal transcribed spacer 2, complete sequence; and 26S ribosomal RNA gene, partial sequence",788,2.63702e-170,372,395,94.1772151898734,88.5650224215247
"OTU12",446,"gi|22773687|gb|AY129721.1|","Panicum queenslandicum internal transcribed spacer 1, 5.8S ribosomal RNA and internal transcribed spacer 2, complete sequence",703,1.12129e-168,365,384,95.0520833333333,86.0986547085202
"OTU12",446,"gi|1127900945|emb|LT593967.1|","Chasechloa egregia genomic DNA containing ETS-18S-ITS1-5.8S-ITS2-26S region, specimen voucher L.H. Boivin s.n. (P)",6742,3.91369e-168,403,447,90.1565995525727,100.224215246637
"OTU14",433,"gi|295152829|gb|GU359280.1|","Bouteloua barbata voucher US:Peterson 22002 & Saarela internal transcribed spacer 1, partial sequence; 5.8S ribosomal RNA gene, complete sequence; and internal transcribed spacer 2, partial sequence",664,1.32259e-167,340,344,98.8372093023256,79.445727482679
"OTU14",433,"gi|923096025|gb|KR184918.1|","Bouteloua parryi var. gentryi voucher Herrera Arrieta 1395 & Siqueiros (CIIDIR) internal transcribed spacer 1, partial sequence; 5.8S ribosomal RNA gene and internal transcribed spacer 2, complete sequence; and 28S ribosomal RNA gene, partial sequence",663,5.6238e-166,338,344,98.2558139534884,79.445727482679
"OTU14",433,"gi|923095946|gb|KR184839.1|","Bouteloua barbata var. rothrockii voucher Soderstrom 173 (US) internal transcribed spacer 1, partial sequence; 5.8S ribosomal RNA gene and internal transcribed spacer 2, complete sequence; and 28S ribosomal RNA gene, partial sequence",664,3.32396e-156,331,344,96.2209302325581,79.445727482679
"OTU14",433,"gi|923095944|gb|KR184837.1|","Bouteloua barbata var. rothrockii voucher Santos 2003 (US) internal transcribed spacer 1, partial sequence; 5.8S ribosomal RNA gene and internal transcribed spacer 2, complete sequence; and 28S ribosomal RNA gene, partial sequence",664,3.32396e-156,331,344,96.2209302325581,79.445727482679
"OTU14",433,"gi|923095948|gb|KR184841.1|","Bouteloua barbata voucher Whitehouse 16991 (US) internal transcribed spacer 1, partial sequence; 5.8S ribosomal RNA gene and internal transcribed spacer 2, complete sequence; and 28S ribosomal RNA gene, partial sequence",664,4.04941e-155,330,344,95.9302325581395,79.445727482679
"OTU14",433,"gi|923095945|gb|KR184838.1|","Bouteloua barbata var. rothrockii voucher Savage 788 (US) internal transcribed spacer 1, partial sequence; 5.8S ribosomal RNA gene and internal transcribed spacer 2, complete sequence; and 28S ribosomal RNA gene, partial sequence",664,4.04941e-155,330,344,95.9302325581395,79.445727482679
"OTU14",433,"gi|923095943|gb|KR184836.1|","Bouteloua barbata voucher Peterson 24916 & Romaschenko (US) internal transcribed spacer 1, partial sequence; 5.8S ribosomal RNA gene and internal transcribed spacer 2, complete sequence; and 28S ribosomal RNA gene, partial sequence",664,4.04941e-155,330,344,95.9302325581395,79.445727482679
"OTU14",433,"gi|923095940|gb|KR184833.1|","Bouteloua barbata var. rothrockii voucher Gould 10031 (US) internal transcribed spacer 1, partial sequence; 5.8S ribosomal RNA gene and internal transcribed spacer 2, complete sequence; and 28S ribosomal RNA gene, partial sequence",664,4.04941e-155,330,344,95.9302325581395,79.445727482679
"OTU14",433,"gi|923095947|gb|KR184840.1|","Bouteloua barbata var. barbata voucher Soderstrom 198 (US) internal transcribed spacer 1, partial sequence; 5.8S ribosomal RNA gene and internal transcribed spacer 2, complete sequence; and 28S ribosomal RNA gene, partial sequence",664,1.72186e-153,329,344,95.6395348837209,79.445727482679
"OTU14",433,"gi|923095942|gb|KR184835.1|","Bouteloua barbata voucher Peterson 24851 & Romaschenko (US) internal transcribed spacer 1, partial sequence; 5.8S ribosomal RNA gene and internal transcribed spacer 2, complete sequence; and 28S ribosomal RNA gene, partial sequence",664,1.72186e-153,329,344,95.6395348837209,79.445727482679
"OTU14",433,"gi|923095941|gb|KR184834.1|","Bouteloua barbata voucher Peterson 24609 & Romaschenko (US) internal transcribed spacer 1, partial sequence; 5.8S ribosomal RNA gene and internal transcribed spacer 2, complete sequence; and 28S ribosomal RNA gene, partial sequence",664,1.72186e-153,329,344,95.6395348837209,79.445727482679
"OTU14",433,"gi|295152793|gb|GU359244.1|","Bouteloua parryi voucher US:Peterson 22252 & Saarela internal transcribed spacer 1, partial sequence; 5.8S ribosomal RNA gene, complete sequence; and internal transcribed spacer 2, partial sequence",664,2.39342e-145,322,344,93.6046511627907,79.445727482679
"OTU14",433,"gi|923095981|gb|KR184874.1|","Bouteloua elata voucher Reeder 6338 & Reeder (US) internal transcribed spacer 1, partial sequence; 5.8S ribosomal RNA gene and internal transcribed spacer 2, complete sequence; and 28S ribosomal RNA gene, partial sequence",658,9.53173e-138,318,344,92.4418604651163,79.445727482679
"OTU14",433,"gi|923095982|gb|KR184875.1|","Bouteloua elata voucher Zamudio 13567 & Alcata (CIIDIR) internal transcribed spacer 1, partial sequence; 5.8S ribosomal RNA gene and internal transcribed spacer 2, complete sequence; and 28S ribosomal RNA gene, partial sequence",658,4.93756e-135,316,344,91.8604651162791,79.445727482679
"OTU14",433,"gi|923095949|gb|KR184842.1|","Bouteloua breviseta voucher Reeder 6964 & Reeder (US) internal transcribed spacer 1, partial sequence; 5.8S ribosomal RNA gene and internal transcribed spacer 2, complete sequence; and 28S ribosomal RNA gene, partial sequence",655,2.24363e-120,309,352,87.7840909090909,81.2933025404157
"OTU14",433,"gi|923096015|gb|KR184908.1|","Bouteloua karwinskii voucher Rosales 3362 & Herrera Arieta (CIIDIR) internal transcribed spacer 1, partial sequence; 5.8S ribosomal RNA gene and internal transcribed spacer 2, complete sequence; and 28S ribosomal RNA gene, partial sequence",666,4.94192e-116,306,352,86.9318181818182,81.2933025404157
"OTU14",433,"gi|923096013|gb|KR184906.1|","Bouteloua karwinskii voucher Reeder 4001 & Reeder (US) internal transcribed spacer 1, partial sequence; 5.8S ribosomal RNA gene and internal transcribed spacer 2, complete sequence; and 28S ribosomal RNA gene, partial sequence",666,4.94192e-116,306,352,86.9318181818182,81.2933025404157
"OTU14",433,"gi|923096012|gb|KR184905.1|","Bouteloua karwinskii voucher Herrera Arrieta 1478, De La Cerda & Rosales (CIIDIR) internal transcribed spacer 1, partial sequence; 5.8S ribosomal RNA gene and internal transcribed spacer 2, complete sequence; and 28S ribosomal RNA gene, partial sequence",666,4.94192e-116,306,352,86.9318181818182,81.2933025404157
"OTU14",433,"gi|923096011|gb|KR184904.1|","Bouteloua karwinskii voucher Hernandez-Xolocotzi N-2057 & Mathus (US) internal transcribed spacer 1, partial sequence; 5.8S ribosomal RNA gene and internal transcribed spacer 2, complete sequence; and 28S ribosomal RNA gene, partial sequence",666,4.94192e-116,306,352,86.9318181818182,81.2933025404157
"OTU14",433,"gi|923096014|gb|KR184907.1|","Bouteloua karwinskii voucher Reeder 7060 & Reeder (US) internal transcribed spacer 1, partial sequence; 5.8S ribosomal RNA gene and internal transcribed spacer 2, complete sequence; and 28S ribosomal RNA gene, partial sequence",666,2.10136e-114,304,352,86.3636363636364,81.2933025404157
