"WeeTU","Sample","Reads"
"95.WeeTU","S009007",351
"297.WeeTU","S009007",1
"281.WeeTU","S009007",3
"497.WeeTU","S009007",1
"366.WeeTU","S009007",3
"420.WeeTU","S009007",5
"339.WeeTU","S009007",1
"424.WeeTU","S009007",1
"671.WeeTU","S009007",1
"361.WeeTU","S009007",1
"446.WeeTU","S009007",3
"434.WeeTU","S009007",1
"405.WeeTU","S009007",1
"305.WeeTU","S009007",1
"198.WeeTU","S009007",109
"551.WeeTU","S009007",1
"380.WeeTU","S009007",2
"195.WeeTU","S009007",93
"532.WeeTU","S009007",1
"872.WeeTU","S009007",1
"318.WeeTU","S009007",5
"493.WeeTU","S009007",3
"20.WeeTU","S009007",1
"38.WeeTU","S009007",3
"56.WeeTU","S009037",2926
"297.WeeTU","S009037",3
"281.WeeTU","S009037",5
"497.WeeTU","S009037",2
"420.WeeTU","S009037",2
"632.WeeTU","S009037",1
"671.WeeTU","S009037",3
"361.WeeTU","S009037",4
"446.WeeTU","S009037",1
"434.WeeTU","S009037",3
"405.WeeTU","S009037",4
"556.WeeTU","S009037",2
"417.WeeTU","S009037",1
"551.WeeTU","S009037",1
"380.WeeTU","S009037",1
"465.WeeTU","S009037",3
"532.WeeTU","S009037",2
"523.WeeTU","S009037",1
"559.WeeTU","S009037",7
"483.WeeTU","S009037",2
"678.WeeTU","S009037",5
"9.WeeTU","S009099",8
"17.WeeTU","S009099",4
"10.WeeTU","S009099",1
"68.WeeTU","S009099",555
"77.WeeTU","S009099",1
"297.WeeTU","S009099",2
"281.WeeTU","S009099",2
"497.WeeTU","S009099",1
"420.WeeTU","S009099",1
"339.WeeTU","S009099",2
"424.WeeTU","S009099",1
"671.WeeTU","S009099",1
"446.WeeTU","S009099",2
"434.WeeTU","S009099",1
"405.WeeTU","S009099",1
"380.WeeTU","S009099",1
"532.WeeTU","S009099",1
"523.WeeTU","S009099",1
"872.WeeTU","S009099",1
"32.WeeTU","S009099",2
"27.WeeTU","S009099",10
"37.WeeTU","S009016",2537
"127.WeeTU","S009016",2608
"297.WeeTU","S009016",2
"497.WeeTU","S009016",2
"420.WeeTU","S009016",1
"632.WeeTU","S009016",1
"671.WeeTU","S009016",1
"361.WeeTU","S009016",2
"434.WeeTU","S009016",2
"405.WeeTU","S009016",1
"417.WeeTU","S009016",3
"380.WeeTU","S009016",1
"523.WeeTU","S009016",1
"435.WeeTU","S009016",6
"656.WeeTU","S009016",2
"88.WeeTU","S008895",987
"497.WeeTU","S008895",1
"671.WeeTU","S008895",3
"405.WeeTU","S008895",1
"556.WeeTU","S008895",1
"305.WeeTU","S008895",1
"417.WeeTU","S008895",3
"380.WeeTU","S008895",1
"532.WeeTU","S008895",2
"523.WeeTU","S008895",1
"474.WeeTU","S008895",8
"25.WeeTU","S008895",1
"802.WeeTU","S008895",1
"297.WeeTU","S009001",3
"281.WeeTU","S009001",1
"497.WeeTU","S009001",3
"366.WeeTU","S009001",2
"420.WeeTU","S009001",1
"339.WeeTU","S009001",1
"632.WeeTU","S009001",2
"424.WeeTU","S009001",1
"446.WeeTU","S009001",1
"434.WeeTU","S009001",1
"305.WeeTU","S009001",1
"551.WeeTU","S009001",1
"465.WeeTU","S009001",1
"910.WeeTU","S009001",1
"523.WeeTU","S009001",1
"609.WeeTU","S009001",1
"574.WeeTU","S009001",8
"52.WeeTU","S009001",996
"302.WeeTU","S009001",6
"235.WeeTU","S009001",8
"315.WeeTU","S009001",4
"233.WeeTU","S009001",18
"281.WeeTU","S009006",2
"497.WeeTU","S009006",1
"366.WeeTU","S009006",2
"420.WeeTU","S009006",1
"632.WeeTU","S009006",2
"424.WeeTU","S009006",1
"671.WeeTU","S009006",2
"446.WeeTU","S009006",1
"434.WeeTU","S009006",5
"305.WeeTU","S009006",2
"417.WeeTU","S009006",1
"551.WeeTU","S009006",1
"532.WeeTU","S009006",1
"523.WeeTU","S009006",1
"429.WeeTU","S009006",1
"812.WeeTU","S009006",1
"139.WeeTU","S009006",31
"297.WeeTU","S008897",1
"281.WeeTU","S008897",1
"420.WeeTU","S008897",2
"632.WeeTU","S008897",1
"424.WeeTU","S008897",1
"671.WeeTU","S008897",1
"446.WeeTU","S008897",3
"405.WeeTU","S008897",1
"380.WeeTU","S008897",2
"465.WeeTU","S008897",1
"523.WeeTU","S008897",1
"429.WeeTU","S008897",1
"812.WeeTU","S008897",1
"46.WeeTU","S008897",1759
"247.WeeTU","S008897",34
"592.WeeTU","S008897",5
"386.WeeTU","S008897",5
"828.WeeTU","S008897",3
"649.WeeTU","S008897",2
"696.WeeTU","S008897",2
"30.WeeTU","S009017",1760
"54.WeeTU","S009017",1317
"39.WeeTU","S009017",1123
"281.WeeTU","S009017",1
"497.WeeTU","S009017",1
"366.WeeTU","S009017",2
"420.WeeTU","S009017",1
"339.WeeTU","S009017",3
"632.WeeTU","S009017",2
"424.WeeTU","S009017",1
"671.WeeTU","S009017",1
"361.WeeTU","S009017",1
"405.WeeTU","S009017",3
"305.WeeTU","S009017",3
"551.WeeTU","S009017",2
"380.WeeTU","S009017",1
"465.WeeTU","S009017",1
"532.WeeTU","S009017",2
"910.WeeTU","S009017",1
"609.WeeTU","S009017",1
"185.WeeTU","S009017",12
"843.WeeTU","S009017",6
"309.WeeTU","S009017",5
"243.WeeTU","S009017",4
"607.WeeTU","S009017",4
"572.WeeTU","S009017",4
"279.WeeTU","S009017",3
"289.WeeTU","S009017",3
"332.WeeTU","S009017",3
"838.WeeTU","S009017",3
"437.WeeTU","S009017",3
"606.WeeTU","S009017",2
"846.WeeTU","S009017",2
"712.WeeTU","S009017",2
"776.WeeTU","S009017",2
"379.WeeTU","S009017",2
"861.WeeTU","S009017",2
"780.WeeTU","S009017",2
"440.WeeTU","S009017",2
"389.WeeTU","S009017",2
"737.WeeTU","S009017",2
"399.WeeTU","S009017",2
"596.WeeTU","S009017",2
"749.WeeTU","S009017",2
"731.WeeTU","S009017",2
"281.WeeTU","S008870",1
"366.WeeTU","S008870",1
"420.WeeTU","S008870",3
"339.WeeTU","S008870",3
"424.WeeTU","S008870",1
"671.WeeTU","S008870",1
"446.WeeTU","S008870",1
"556.WeeTU","S008870",2
"417.WeeTU","S008870",1
"551.WeeTU","S008870",3
"465.WeeTU","S008870",2
"532.WeeTU","S008870",3
"523.WeeTU","S008870",1
"188.WeeTU","S008870",13
"13.WeeTU","S009010",5613
"297.WeeTU","S009010",4
"281.WeeTU","S009010",2
"497.WeeTU","S009010",2
"366.WeeTU","S009010",3
"420.WeeTU","S009010",1
"339.WeeTU","S009010",1
"632.WeeTU","S009010",1
"424.WeeTU","S009010",1
"671.WeeTU","S009010",1
"361.WeeTU","S009010",1
"446.WeeTU","S009010",3
"434.WeeTU","S009010",2
"556.WeeTU","S009010",1
"305.WeeTU","S009010",1
"532.WeeTU","S009010",1
"429.WeeTU","S009010",1
"177.WeeTU","S009010",22
"276.WeeTU","S009010",16
"457.WeeTU","S009010",12
"209.WeeTU","S009010",12
"258.WeeTU","S009010",8
"766.WeeTU","S009010",5
"852.WeeTU","S009010",4
"717.WeeTU","S009010",2
"665.WeeTU","S009010",2
"297.WeeTU","S009013",1
"281.WeeTU","S009013",1
"424.WeeTU","S009013",1
"671.WeeTU","S009013",2
"405.WeeTU","S009013",2
"556.WeeTU","S009013",1
"417.WeeTU","S009013",1
"380.WeeTU","S009013",2
"532.WeeTU","S009013",1
"20.WeeTU","S009013",1127
"708.WeeTU","S009013",2
"81.WeeTU","S009003",496
"497.WeeTU","S009003",1
"366.WeeTU","S009003",2
"339.WeeTU","S009003",2
"424.WeeTU","S009003",1
"434.WeeTU","S009003",1
"305.WeeTU","S009003",1
"417.WeeTU","S009003",1
"551.WeeTU","S009003",1
"240.WeeTU","S009003",5
"10.WeeTU","S009027",6296
"91.WeeTU","S009027",1924
"421.WeeTU","S009027",1420
"297.WeeTU","S009027",2
"281.WeeTU","S009027",2
"497.WeeTU","S009027",2
"366.WeeTU","S009027",1
"420.WeeTU","S009027",1
"339.WeeTU","S009027",2
"632.WeeTU","S009027",1
"424.WeeTU","S009027",1
"671.WeeTU","S009027",1
"434.WeeTU","S009027",1
"305.WeeTU","S009027",2
"417.WeeTU","S009027",1
"551.WeeTU","S009027",1
"380.WeeTU","S009027",1
"532.WeeTU","S009027",1
"910.WeeTU","S009027",1
"758.WeeTU","S009027",55
"647.WeeTU","S009027",9
"535.WeeTU","S009027",8
"407.WeeTU","S009027",7
"350.WeeTU","S009027",7
"521.WeeTU","S009027",6
"558.WeeTU","S009027",6
"763.WeeTU","S009027",4
"889.WeeTU","S009027",4
"282.WeeTU","S009027",4
"487.WeeTU","S009027",2
"19.WeeTU","S008809",8083
"297.WeeTU","S008809",1
"281.WeeTU","S008809",1
"497.WeeTU","S008809",7
"339.WeeTU","S008809",4
"632.WeeTU","S008809",1
"424.WeeTU","S008809",2
"671.WeeTU","S008809",1
"361.WeeTU","S008809",2
"446.WeeTU","S008809",2
"434.WeeTU","S008809",1
"405.WeeTU","S008809",3
"556.WeeTU","S008809",3
"305.WeeTU","S008809",1
"551.WeeTU","S008809",3
"380.WeeTU","S008809",2
"465.WeeTU","S008809",1
"910.WeeTU","S008809",1
"523.WeeTU","S008809",1
"429.WeeTU","S008809",1
"652.WeeTU","S008809",2
"508.WeeTU","S008809",2
"133.WeeTU","S008809",266
"49.WeeTU","S008885",70
"37.WeeTU","S008885",933
"127.WeeTU","S008885",417
"297.WeeTU","S008885",2
"497.WeeTU","S008885",1
"220.WeeTU","S008885",189
"420.WeeTU","S008885",1
"446.WeeTU","S008885",1
"434.WeeTU","S008885",1
"532.WeeTU","S008885",1
"429.WeeTU","S008885",1
"728.WeeTU","S008885",1
"13.WeeTU","S008864",13
"8.WeeTU","S008864",29
"37.WeeTU","S008864",7
"127.WeeTU","S008864",1
"281.WeeTU","S008864",1
"220.WeeTU","S008864",9
"366.WeeTU","S008864",3
"420.WeeTU","S008864",2
"339.WeeTU","S008864",2
"632.WeeTU","S008864",1
"424.WeeTU","S008864",2
"671.WeeTU","S008864",1
"361.WeeTU","S008864",1
"446.WeeTU","S008864",2
"434.WeeTU","S008864",1
"405.WeeTU","S008864",1
"556.WeeTU","S008864",1
"305.WeeTU","S008864",2
"417.WeeTU","S008864",1
"551.WeeTU","S008864",3
"380.WeeTU","S008864",1
"465.WeeTU","S008864",1
"872.WeeTU","S008864",1
"576.WeeTU","S008864",2
"48.WeeTU","S008864",1292
"147.WeeTU","S008864",55
"179.WeeTU","S008864",22
"166.WeeTU","S008864",31
"585.WeeTU","S008864",2
"548.WeeTU","S008864",3
"480.WeeTU","S008864",3
"810.WeeTU","S008864",2
"50.WeeTU","S008818",150
"30.WeeTU","S008818",6
"54.WeeTU","S008818",7
"64.WeeTU","S008818",32
"76.WeeTU","S008818",34
"297.WeeTU","S008818",4
"281.WeeTU","S008818",1
"497.WeeTU","S008818",2
"366.WeeTU","S008818",1
"339.WeeTU","S008818",1
"632.WeeTU","S008818",2
"424.WeeTU","S008818",1
"671.WeeTU","S008818",2
"361.WeeTU","S008818",2
"434.WeeTU","S008818",1
"305.WeeTU","S008818",1
"417.WeeTU","S008818",1
"118.WeeTU","S008818",9
"551.WeeTU","S008818",1
"532.WeeTU","S008818",1
"910.WeeTU","S008818",1
"523.WeeTU","S008818",1
"872.WeeTU","S008818",1
"429.WeeTU","S008818",1
"214.WeeTU","S008818",4
"609.WeeTU","S008818",1
"180.WeeTU","S008818",2
"340.WeeTU","S008818",1
"234.WeeTU","S008818",1
"1.WeeTU","S008818",2
"3.WeeTU","S008818",5
"5.WeeTU","S008818",7802
"698.WeeTU","S008818",732
"72.WeeTU","S008818",253
"808.WeeTU","S008818",58
"197.WeeTU","S008818",27
"254.WeeTU","S008818",11
"106.WeeTU","S008818",9
"782.WeeTU","S008818",7
"786.WeeTU","S008818",6
"93.WeeTU","S008818",5
"787.WeeTU","S008818",5
"883.WeeTU","S008818",5
"778.WeeTU","S008818",5
"143.WeeTU","S008818",4
"107.WeeTU","S008818",4
"654.WeeTU","S008818",4
"729.WeeTU","S008818",4
"815.WeeTU","S008818",3
"273.WeeTU","S008818",3
"207.WeeTU","S008818",2
"549.WeeTU","S008818",2
"690.WeeTU","S008818",2
"62.WeeTU","S008818",1
"151.WeeTU","S008818",1
"694.WeeTU","S008818",1
"554.WeeTU","S008818",1
"8.WeeTU","S009057",4947
"297.WeeTU","S009057",4
"281.WeeTU","S009057",1
"497.WeeTU","S009057",3
"366.WeeTU","S009057",3
"420.WeeTU","S009057",1
"339.WeeTU","S009057",1
"424.WeeTU","S009057",4
"671.WeeTU","S009057",1
"446.WeeTU","S009057",3
"434.WeeTU","S009057",2
"556.WeeTU","S009057",1
"305.WeeTU","S009057",2
"417.WeeTU","S009057",1
"380.WeeTU","S009057",3
"429.WeeTU","S009057",2
"16.WeeTU","S008874",3483
"297.WeeTU","S008874",3
"281.WeeTU","S008874",2
"497.WeeTU","S008874",1
"366.WeeTU","S008874",1
"420.WeeTU","S008874",2
"632.WeeTU","S008874",1
"671.WeeTU","S008874",2
"361.WeeTU","S008874",1
"405.WeeTU","S008874",1
"556.WeeTU","S008874",3
"417.WeeTU","S008874",2
"380.WeeTU","S008874",1
"465.WeeTU","S008874",1
"532.WeeTU","S008874",1
"910.WeeTU","S008874",1
"523.WeeTU","S008874",1
"798.WeeTU","S008874",2
"124.WeeTU","S008874",151
"99.WeeTU","S008874",173
"246.WeeTU","S008874",11
"296.WeeTU","S008874",12
"528.WeeTU","S008874",32
"395.WeeTU","S008874",2
"40.WeeTU","S009098",3067
"116.WeeTU","S009098",419
"297.WeeTU","S009098",3
"281.WeeTU","S009098",3
"497.WeeTU","S009098",1
"366.WeeTU","S009098",3
"420.WeeTU","S009098",6
"339.WeeTU","S009098",1
"671.WeeTU","S009098",1
"361.WeeTU","S009098",5
"446.WeeTU","S009098",1
"434.WeeTU","S009098",1
"405.WeeTU","S009098",2
"380.WeeTU","S009098",1
"465.WeeTU","S009098",3
"910.WeeTU","S009098",1
"812.WeeTU","S009098",1
"402.WeeTU","S009098",13
"329.WeeTU","S009098",5
"330.WeeTU","S009098",5
"482.WeeTU","S009098",2
"384.WeeTU","S009098",2
"297.WeeTU","S009011",1
"281.WeeTU","S009011",1
"366.WeeTU","S009011",2
"339.WeeTU","S009011",1
"424.WeeTU","S009011",1
"361.WeeTU","S009011",2
"446.WeeTU","S009011",1
"405.WeeTU","S009011",1
"556.WeeTU","S009011",1
"417.WeeTU","S009011",1
"465.WeeTU","S009011",1
"910.WeeTU","S009011",1
"429.WeeTU","S009011",1
"49.WeeTU","S009012",3585
"297.WeeTU","S009012",2
"281.WeeTU","S009012",3
"366.WeeTU","S009012",3
"420.WeeTU","S009012",1
"424.WeeTU","S009012",2
"671.WeeTU","S009012",1
"361.WeeTU","S009012",1
"446.WeeTU","S009012",1
"405.WeeTU","S009012",1
"305.WeeTU","S009012",1
"417.WeeTU","S009012",1
"551.WeeTU","S009012",1
"380.WeeTU","S009012",2
"465.WeeTU","S009012",1
"910.WeeTU","S009012",1
"872.WeeTU","S009012",1
"728.WeeTU","S009012",8
"375.WeeTU","S009012",5
"792.WeeTU","S009012",5
"306.WeeTU","S009012",5
"491.WeeTU","S009012",3
"881.WeeTU","S009012",3
"777.WeeTU","S009012",2
"515.WeeTU","S009012",2
"371.WeeTU","S009012",2
"907.WeeTU","S009012",2
"711.WeeTU","S009012",2
"906.WeeTU","S009012",2
"823.WeeTU","S009012",2
"545.WeeTU","S009012",3
"639.WeeTU","S009012",3
"396.WeeTU","S009012",2
"500.WeeTU","S009012",5
"404.WeeTU","S009012",7
"800.WeeTU","S009012",2
"646.WeeTU","S009012",2
"281.WeeTU","S008866",4
"420.WeeTU","S008866",2
"339.WeeTU","S008866",3
"424.WeeTU","S008866",1
"671.WeeTU","S008866",2
"361.WeeTU","S008866",1
"446.WeeTU","S008866",3
"434.WeeTU","S008866",1
"405.WeeTU","S008866",1
"417.WeeTU","S008866",1
"551.WeeTU","S008866",1
"465.WeeTU","S008866",1
"297.WeeTU","S009002",1
"497.WeeTU","S009002",2
"420.WeeTU","S009002",5
"84.WeeTU","S009002",186
"632.WeeTU","S009002",1
"424.WeeTU","S009002",2
"671.WeeTU","S009002",4
"556.WeeTU","S009002",1
"305.WeeTU","S009002",2
"380.WeeTU","S009002",1
"2.WeeTU","S009002",1
"45.WeeTU","S009089",1693
"297.WeeTU","S009089",2
"281.WeeTU","S009089",2
"497.WeeTU","S009089",1
"366.WeeTU","S009089",1
"420.WeeTU","S009089",1
"632.WeeTU","S009089",3
"424.WeeTU","S009089",1
"671.WeeTU","S009089",3
"446.WeeTU","S009089",2
"405.WeeTU","S009089",1
"556.WeeTU","S009089",1
"417.WeeTU","S009089",2
"465.WeeTU","S009089",1
"532.WeeTU","S009089",1
"523.WeeTU","S009089",1
"429.WeeTU","S009089",1
"754.WeeTU","S009089",2
"257.WeeTU","S009089",6
"9.WeeTU","S008887",6771
"366.WeeTU","S008887",2
"420.WeeTU","S008887",1
"339.WeeTU","S008887",2
"632.WeeTU","S008887",2
"570.WeeTU","S008887",1
"301.WeeTU","S008887",3
"429.WeeTU","S008887",1
"615.WeeTU","S008887",3
"817.WeeTU","S008887",8
"264.WeeTU","S008887",9
"242.WeeTU","S008887",8
"598.WeeTU","S008887",7
"316.WeeTU","S008887",7
"842.WeeTU","S008887",6
"439.WeeTU","S008887",6
"660.WeeTU","S008887",5
"518.WeeTU","S008887",4
"896.WeeTU","S008887",3
"676.WeeTU","S008887",3
"533.WeeTU","S008887",2
"378.WeeTU","S008887",2
"6.WeeTU","S008887",2
"27.WeeTU","S008887",2
"297.WeeTU","S009005",1
"281.WeeTU","S009005",3
"497.WeeTU","S009005",3
"366.WeeTU","S009005",3
"420.WeeTU","S009005",1
"424.WeeTU","S009005",2
"671.WeeTU","S009005",3
"361.WeeTU","S009005",2
"446.WeeTU","S009005",4
"434.WeeTU","S009005",2
"405.WeeTU","S009005",3
"556.WeeTU","S009005",3
"380.WeeTU","S009005",1
"465.WeeTU","S009005",3
"872.WeeTU","S009005",1
"812.WeeTU","S009005",1
"860.WeeTU","S009005",3
"32.WeeTU","S009005",1
"297.WeeTU","S009088",2
"281.WeeTU","S009088",2
"497.WeeTU","S009088",2
"366.WeeTU","S009088",2
"420.WeeTU","S009088",1
"632.WeeTU","S009088",1
"424.WeeTU","S009088",1
"446.WeeTU","S009088",1
"405.WeeTU","S009088",1
"305.WeeTU","S009088",1
"417.WeeTU","S009088",2
"380.WeeTU","S009088",2
"465.WeeTU","S009088",2
"872.WeeTU","S009088",1
"172.WeeTU","S009088",110
"765.WeeTU","S009088",5
"277.WeeTU","S009088",23
"9.WeeTU","S008876",44
"49.WeeTU","S008876",1
"297.WeeTU","S008876",2
"281.WeeTU","S008876",1
"497.WeeTU","S008876",1
"366.WeeTU","S008876",1
"339.WeeTU","S008876",1
"632.WeeTU","S008876",3
"424.WeeTU","S008876",2
"671.WeeTU","S008876",2
"361.WeeTU","S008876",1
"446.WeeTU","S008876",1
"434.WeeTU","S008876",3
"417.WeeTU","S008876",1
"380.WeeTU","S008876",2
"146.WeeTU","S008876",98
"465.WeeTU","S008876",1
"523.WeeTU","S008876",1
"429.WeeTU","S008876",1
"609.WeeTU","S008876",1
"203.WeeTU","S008876",3
"469.WeeTU","S008876",4
"44.WeeTU","S008892",1717
"281.WeeTU","S008892",2
"497.WeeTU","S008892",1
"366.WeeTU","S008892",1
"339.WeeTU","S008892",2
"632.WeeTU","S008892",1
"424.WeeTU","S008892",2
"671.WeeTU","S008892",2
"361.WeeTU","S008892",1
"446.WeeTU","S008892",1
"434.WeeTU","S008892",1
"405.WeeTU","S008892",2
"556.WeeTU","S008892",1
"305.WeeTU","S008892",1
"551.WeeTU","S008892",1
"523.WeeTU","S008892",1
"872.WeeTU","S008892",1
"524.WeeTU","S008892",2
"297.WeeTU","S008880",1
"281.WeeTU","S008880",1
"420.WeeTU","S008880",1
"339.WeeTU","S008880",1
"671.WeeTU","S008880",1
"446.WeeTU","S008880",1
"434.WeeTU","S008880",3
"405.WeeTU","S008880",2
"305.WeeTU","S008880",1
"380.WeeTU","S008880",3
"465.WeeTU","S008880",1
"532.WeeTU","S008880",1
"53.WeeTU","S008880",3631
"159.WeeTU","S008880",369
"92.WeeTU","S008880",681
"79.WeeTU","S008880",415
"244.WeeTU","S008880",306
"779.WeeTU","S008880",52
"119.WeeTU","S008880",62
"738.WeeTU","S008880",2
"261.WeeTU","S008880",4
"382.WeeTU","S008880",30
"818.WeeTU","S008880",2
"610.WeeTU","S008880",2
"565.WeeTU","S008880",2
"706.WeeTU","S008880",2
"542.WeeTU","S008880",2
"245.WeeTU","S008880",6
"347.WeeTU","S008880",3
"281.WeeTU","S009014",2
"497.WeeTU","S009014",4
"366.WeeTU","S009014",1
"632.WeeTU","S009014",1
"424.WeeTU","S009014",1
"361.WeeTU","S009014",1
"405.WeeTU","S009014",1
"305.WeeTU","S009014",1
"380.WeeTU","S009014",1
"465.WeeTU","S009014",2
"910.WeeTU","S009014",2
"872.WeeTU","S009014",1
"24.WeeTU","S009014",3303
"849.WeeTU","S009014",2
"297.WeeTU","S008893",3
"281.WeeTU","S008893",3
"497.WeeTU","S008893",1
"366.WeeTU","S008893",3
"632.WeeTU","S008893",1
"424.WeeTU","S008893",3
"361.WeeTU","S008893",2
"434.WeeTU","S008893",1
"405.WeeTU","S008893",1
"556.WeeTU","S008893",2
"417.WeeTU","S008893",2
"148.WeeTU","S008893",90
"532.WeeTU","S008893",2
"203.WeeTU","S008893",6
"304.WeeTU","S008893",7
"636.WeeTU","S008893",5
"441.WeeTU","S008893",4
"751.WeeTU","S008893",2
"6.WeeTU","S008893",3
"31.WeeTU","S008893",2836
"150.WeeTU","S008893",59
"802.WeeTU","S008893",6
"294.WeeTU","S008893",21
"507.WeeTU","S008893",2
"69.WeeTU","S009015",800
"135.WeeTU","S009015",882
"98.WeeTU","S009015",226
"125.WeeTU","S009015",112
"297.WeeTU","S009015",2
"281.WeeTU","S009015",2
"366.WeeTU","S009015",2
"420.WeeTU","S009015",1
"339.WeeTU","S009015",4
"424.WeeTU","S009015",1
"434.WeeTU","S009015",2
"405.WeeTU","S009015",1
"380.WeeTU","S009015",1
"465.WeeTU","S009015",1
"532.WeeTU","S009015",1
"689.WeeTU","S009015",25
"910.WeeTU","S009015",1
"770.WeeTU","S009015",48
"341.WeeTU","S009015",16
"797.WeeTU","S009015",1
"323.WeeTU","S009015",6
"494.WeeTU","S009015",8
"707.WeeTU","S009015",5
"819.WeeTU","S009015",5
"616.WeeTU","S009015",1
"538.WeeTU","S009015",2
"667.WeeTU","S009015",1
"363.WeeTU","S009015",3
"1.WeeTU","S009015",1
"55.WeeTU","S008867",1518
"297.WeeTU","S008867",2
"281.WeeTU","S008867",1
"366.WeeTU","S008867",1
"446.WeeTU","S008867",1
"405.WeeTU","S008867",1
"305.WeeTU","S008867",1
"380.WeeTU","S008867",1
"128.WeeTU","S008867",2
"523.WeeTU","S008867",1
"442.WeeTU","S008867",53
"436.WeeTU","S008867",22
"237.WeeTU","S008867",13
"773.WeeTU","S008867",7
"463.WeeTU","S008867",5
"372.WeeTU","S008867",4
"662.WeeTU","S008867",3
"374.WeeTU","S008867",3
"871.WeeTU","S008867",3
"902.WeeTU","S008867",3
"333.WeeTU","S008867",3
"593.WeeTU","S008867",2
"668.WeeTU","S008867",2
"913.WeeTU","S008867",2
"645.WeeTU","S008867",2
"683.WeeTU","S008867",2
"859.WeeTU","S008867",2
"748.WeeTU","S008867",2
"892.WeeTU","S008867",2
"673.WeeTU","S008867",2
"597.WeeTU","S008867",2
"789.WeeTU","S008867",2
"478.WeeTU","S008867",2
"775.WeeTU","S008867",2
"566.WeeTU","S008867",2
"422.WeeTU","S008867",2
"495.WeeTU","S008867",2
"869.WeeTU","S008867",2
"816.WeeTU","S008867",2
"700.WeeTU","S008867",2
"723.WeeTU","S008867",7
"267.WeeTU","S008867",10
"822.WeeTU","S008867",2
"266.WeeTU","S008867",22
"223.WeeTU","S008867",12
"752.WeeTU","S008867",5
"392.WeeTU","S008867",2
"617.WeeTU","S008867",2
"490.WeeTU","S008867",2
"496.WeeTU","S008867",2
"297.WeeTU","S008875",1
"281.WeeTU","S008875",2
"497.WeeTU","S008875",1
"420.WeeTU","S008875",1
"339.WeeTU","S008875",3
"632.WeeTU","S008875",3
"361.WeeTU","S008875",1
"434.WeeTU","S008875",1
"405.WeeTU","S008875",3
"556.WeeTU","S008875",1
"305.WeeTU","S008875",1
"465.WeeTU","S008875",2
"429.WeeTU","S008875",1
"812.WeeTU","S008875",1
"23.WeeTU","S008877",2535
"297.WeeTU","S008877",1
"497.WeeTU","S008877",1
"420.WeeTU","S008877",1
"339.WeeTU","S008877",1
"632.WeeTU","S008877",1
"417.WeeTU","S008877",1
"551.WeeTU","S008877",1
"380.WeeTU","S008877",1
"465.WeeTU","S008877",1
"532.WeeTU","S008877",1
"609.WeeTU","S008877",1
"648.WeeTU","S008877",2
"70.WeeTU","S008819",1460
"281.WeeTU","S008819",4
"497.WeeTU","S008819",2
"366.WeeTU","S008819",1
"632.WeeTU","S008819",1
"671.WeeTU","S008819",1
"361.WeeTU","S008819",1
"305.WeeTU","S008819",1
"417.WeeTU","S008819",1
"484.WeeTU","S008819",11
"338.WeeTU","S008819",2
"448.WeeTU","S008819",4
"423.WeeTU","S008819",4
"297.WeeTU","S008886",4
"281.WeeTU","S008886",1
"497.WeeTU","S008886",1
"366.WeeTU","S008886",1
"671.WeeTU","S008886",1
"434.WeeTU","S008886",1
"405.WeeTU","S008886",1
"305.WeeTU","S008886",1
"380.WeeTU","S008886",1
"465.WeeTU","S008886",1
"58.WeeTU","S008886",543
"78.WeeTU","S008886",9
"17.WeeTU","S008865",142
"18.WeeTU","S008865",121
"37.WeeTU","S008865",13
"70.WeeTU","S008865",88
"297.WeeTU","S008865",1
"281.WeeTU","S008865",1
"420.WeeTU","S008865",1
"339.WeeTU","S008865",1
"671.WeeTU","S008865",1
"114.WeeTU","S008865",10
"556.WeeTU","S008865",1
"551.WeeTU","S008865",1
"523.WeeTU","S008865",1
"274.WeeTU","S008865",8
"338.WeeTU","S008865",6
"93.WeeTU","S008865",31
"11.WeeTU","S008865",30
"58.WeeTU","S008865",63
"186.WeeTU","S008865",25
"90.WeeTU","S008865",11
"8.WeeTU","S008882",87
"55.WeeTU","S008882",458
"135.WeeTU","S008882",17
"88.WeeTU","S008882",22
"366.WeeTU","S008882",1
"446.WeeTU","S008882",1
"114.WeeTU","S008882",20
"556.WeeTU","S008882",1
"305.WeeTU","S008882",1
"465.WeeTU","S008882",1
"128.WeeTU","S008882",93
"532.WeeTU","S008882",1
"910.WeeTU","S008882",1
"173.WeeTU","S008882",22
"269.WeeTU","S008882",13
"635.WeeTU","S008882",11
"357.WeeTU","S008882",10
"82.WeeTU","S008882",286
"58.WeeTU","S008882",18
"222.WeeTU","S008882",16
"851.WeeTU","S008882",2
"78.WeeTU","S008882",17
"90.WeeTU","S008882",198
"187.WeeTU","S008882",28
"904.WeeTU","S008882",8
"753.WeeTU","S008882",3
"762.WeeTU","S008882",7
"287.WeeTU","S008882",11
"714.WeeTU","S008882",12
"215.WeeTU","S008882",43
"320.WeeTU","S008882",3
"582.WeeTU","S008882",5
"769.WeeTU","S008882",5
"426.WeeTU","S008882",9
"807.WeeTU","S008882",7
"540.WeeTU","S008882",3
"790.WeeTU","S008882",3
"381.WeeTU","S008882",2
"618.WeeTU","S008882",6
"459.WeeTU","S008882",2
"546.WeeTU","S008882",5
"370.WeeTU","S008882",3
"874.WeeTU","S008882",2
"317.WeeTU","S008882",3
"725.WeeTU","S008882",2
"431.WeeTU","S008882",2
"806.WeeTU","S008882",2
"835.WeeTU","S008882",2
"56.WeeTU","S009047",67
"23.WeeTU","S009047",226
"55.WeeTU","S009047",63
"98.WeeTU","S009047",57
"497.WeeTU","S009047",2
"366.WeeTU","S009047",2
"632.WeeTU","S009047",2
"424.WeeTU","S009047",1
"671.WeeTU","S009047",1
"446.WeeTU","S009047",1
"405.WeeTU","S009047",1
"134.WeeTU","S009047",2
"305.WeeTU","S009047",1
"417.WeeTU","S009047",2
"465.WeeTU","S009047",1
"910.WeeTU","S009047",1
"188.WeeTU","S009047",4
"24.WeeTU","S009047",102
"58.WeeTU","S009047",25
"78.WeeTU","S009047",32
"161.WeeTU","S009047",48
"387.WeeTU","S009047",3
"35.WeeTU","S009000",2049
"71.WeeTU","S009000",789
"297.WeeTU","S009000",4
"281.WeeTU","S009000",1
"497.WeeTU","S009000",1
"366.WeeTU","S009000",2
"420.WeeTU","S009000",2
"339.WeeTU","S009000",1
"632.WeeTU","S009000",4
"671.WeeTU","S009000",4
"361.WeeTU","S009000",1
"446.WeeTU","S009000",6
"434.WeeTU","S009000",3
"305.WeeTU","S009000",1
"417.WeeTU","S009000",2
"551.WeeTU","S009000",3
"380.WeeTU","S009000",1
"532.WeeTU","S009000",1
"910.WeeTU","S009000",2
"523.WeeTU","S009000",1
"429.WeeTU","S009000",2
"219.WeeTU","S009000",16
"284.WeeTU","S009000",15
"575.WeeTU","S009000",12
"385.WeeTU","S009000",5
"651.WeeTU","S009000",3
"368.WeeTU","S009000",2
"764.WeeTU","S009000",2
"43.WeeTU","S008878",7
"67.WeeTU","S008878",298
"297.WeeTU","S008878",3
"497.WeeTU","S008878",2
"420.WeeTU","S008878",1
"339.WeeTU","S008878",1
"632.WeeTU","S008878",3
"361.WeeTU","S008878",4
"446.WeeTU","S008878",1
"434.WeeTU","S008878",2
"405.WeeTU","S008878",4
"417.WeeTU","S008878",2
"465.WeeTU","S008878",1
"532.WeeTU","S008878",3
"126.WeeTU","S008878",86
"383.WeeTU","S008878",60
"190.WeeTU","S008878",15
"20.WeeTU","S008878",26
"32.WeeTU","S008878",94
"41.WeeTU","S008878",376
"59.WeeTU","S008878",1816
"60.WeeTU","S008878",81
"153.WeeTU","S008878",57
"85.WeeTU","S008878",288
"167.WeeTU","S008878",27
"229.WeeTU","S008878",22
"164.WeeTU","S008878",29
"432.WeeTU","S008878",3
"563.WeeTU","S008878",6
"390.WeeTU","S008878",2
"584.WeeTU","S008878",4
"877.WeeTU","S008878",2
"43.WeeTU","S008828",1787
"297.WeeTU","S008828",4
"281.WeeTU","S008828",3
"497.WeeTU","S008828",1
"366.WeeTU","S008828",1
"420.WeeTU","S008828",5
"632.WeeTU","S008828",3
"424.WeeTU","S008828",3
"361.WeeTU","S008828",2
"446.WeeTU","S008828",3
"405.WeeTU","S008828",1
"556.WeeTU","S008828",2
"417.WeeTU","S008828",1
"551.WeeTU","S008828",1
"380.WeeTU","S008828",1
"532.WeeTU","S008828",1
"910.WeeTU","S008828",1
"523.WeeTU","S008828",1
"429.WeeTU","S008828",1
"181.WeeTU","S008828",28
"325.WeeTU","S008828",23
"427.WeeTU","S008828",2
"101.WeeTU","S008828",123
"20.WeeTU","S008828",25
"32.WeeTU","S008828",20
"41.WeeTU","S008828",12
"297.WeeTU","S009048",1
"281.WeeTU","S009048",1
"497.WeeTU","S009048",1
"366.WeeTU","S009048",1
"420.WeeTU","S009048",1
"339.WeeTU","S009048",2
"632.WeeTU","S009048",1
"424.WeeTU","S009048",1
"671.WeeTU","S009048",1
"361.WeeTU","S009048",1
"446.WeeTU","S009048",1
"434.WeeTU","S009048",3
"556.WeeTU","S009048",3
"305.WeeTU","S009048",2
"417.WeeTU","S009048",1
"551.WeeTU","S009048",1
"465.WeeTU","S009048",1
"910.WeeTU","S009048",1
"523.WeeTU","S009048",1
"65.WeeTU","S009048",1781
"60.WeeTU","S009048",2934
"224.WeeTU","S009048",362
"501.WeeTU","S009048",291
"745.WeeTU","S009048",2
"408.WeeTU","S009048",7
"674.WeeTU","S009048",2
"885.WeeTU","S009048",2
"450.WeeTU","S009048",3
"297.WeeTU","S008868",2
"281.WeeTU","S008868",1
"497.WeeTU","S008868",3
"366.WeeTU","S008868",4
"420.WeeTU","S008868",1
"339.WeeTU","S008868",2
"632.WeeTU","S008868",3
"424.WeeTU","S008868",2
"671.WeeTU","S008868",2
"361.WeeTU","S008868",2
"446.WeeTU","S008868",1
"434.WeeTU","S008868",1
"556.WeeTU","S008868",1
"380.WeeTU","S008868",3
"465.WeeTU","S008868",1
"532.WeeTU","S008868",1
"20.WeeTU","S008868",1
"41.WeeTU","S008868",1
"6.WeeTU","S008868",5943
"52.WeeTU","S008868",1
"232.WeeTU","S008868",30
"740.WeeTU","S008868",7
"470.WeeTU","S008868",2
"132.WeeTU","S008868",54
"369.WeeTU","S008868",3
"253.WeeTU","S008868",19
"510.WeeTU","S008868",12
"270.WeeTU","S008868",16
"755.WeeTU","S008868",7
"349.WeeTU","S008868",6
"837.WeeTU","S008868",6
"307.WeeTU","S008868",7
"709.WeeTU","S008868",6
"685.WeeTU","S008868",5
"414.WeeTU","S008868",2
"699.WeeTU","S008868",5
"288.WeeTU","S008868",4
"13.WeeTU","S008889",799
"22.WeeTU","S008889",3018
"29.WeeTU","S008889",23
"281.WeeTU","S008889",1
"366.WeeTU","S008889",3
"420.WeeTU","S008889",1
"632.WeeTU","S008889",1
"671.WeeTU","S008889",1
"446.WeeTU","S008889",4
"434.WeeTU","S008889",2
"405.WeeTU","S008889",1
"556.WeeTU","S008889",1
"305.WeeTU","S008889",1
"551.WeeTU","S008889",1
"380.WeeTU","S008889",1
"465.WeeTU","S008889",1
"532.WeeTU","S008889",1
"228.WeeTU","S008889",85
"523.WeeTU","S008889",1
"283.WeeTU","S008889",14
"394.WeeTU","S008889",2
"41.WeeTU","S008889",20
"6.WeeTU","S008889",60
"2.WeeTU","S008889",224
"60.WeeTU","S008889",64
"297.WeeTU","S009008",1
"281.WeeTU","S009008",6
"632.WeeTU","S009008",1
"424.WeeTU","S009008",3
"671.WeeTU","S009008",2
"446.WeeTU","S009008",1
"434.WeeTU","S009008",1
"405.WeeTU","S009008",1
"556.WeeTU","S009008",1
"417.WeeTU","S009008",1
"551.WeeTU","S009008",1
"465.WeeTU","S009008",1
"2.WeeTU","S009008",9813
"210.WeeTU","S009008",11
"251.WeeTU","S009008",15
"293.WeeTU","S009008",1
"820.WeeTU","S009008",3
"643.WeeTU","S009008",2
"67.WeeTU","S008858",1213
"297.WeeTU","S008858",3
"281.WeeTU","S008858",2
"497.WeeTU","S008858",1
"632.WeeTU","S008858",2
"671.WeeTU","S008858",2
"405.WeeTU","S008858",1
"556.WeeTU","S008858",2
"305.WeeTU","S008858",1
"417.WeeTU","S008858",1
"465.WeeTU","S008858",1
"910.WeeTU","S008858",1
"129.WeeTU","S008858",53
"297.WeeTU","S008859",2
"281.WeeTU","S008859",2
"497.WeeTU","S008859",3
"366.WeeTU","S008859",4
"420.WeeTU","S008859",2
"339.WeeTU","S008859",3
"632.WeeTU","S008859",3
"424.WeeTU","S008859",2
"671.WeeTU","S008859",3
"361.WeeTU","S008859",1
"446.WeeTU","S008859",1
"434.WeeTU","S008859",1
"405.WeeTU","S008859",1
"556.WeeTU","S008859",1
"305.WeeTU","S008859",2
"417.WeeTU","S008859",1
"551.WeeTU","S008859",1
"380.WeeTU","S008859",2
"532.WeeTU","S008859",2
"523.WeeTU","S008859",2
"2.WeeTU","S008859",1
"299.WeeTU","S008859",26
"583.WeeTU","S008859",8
"183.WeeTU","S008859",16
"196.WeeTU","S008859",17
"9.WeeTU","S008898",5
"17.WeeTU","S008898",1
"8.WeeTU","S008898",1
"49.WeeTU","S008898",2
"37.WeeTU","S008898",2
"26.WeeTU","S008898",1
"50.WeeTU","S008898",2
"297.WeeTU","S008898",2
"281.WeeTU","S008898",3
"497.WeeTU","S008898",1
"220.WeeTU","S008898",1
"366.WeeTU","S008898",3
"420.WeeTU","S008898",3
"339.WeeTU","S008898",3
"632.WeeTU","S008898",1
"424.WeeTU","S008898",1
"671.WeeTU","S008898",2
"446.WeeTU","S008898",5
"405.WeeTU","S008898",2
"417.WeeTU","S008898",2
"551.WeeTU","S008898",2
"380.WeeTU","S008898",1
"532.WeeTU","S008898",2
"910.WeeTU","S008898",1
"242.WeeTU","S008898",1
"20.WeeTU","S008898",1
"6.WeeTU","S008898",2
"27.WeeTU","S008898",5
"14.WeeTU","S008898",5
"58.WeeTU","S008898",1
"46.WeeTU","S008898",1
"34.WeeTU","S008898",7
"299.WeeTU","S008898",1
"63.WeeTU","S009009",1965
"366.WeeTU","S009009",3
"420.WeeTU","S009009",2
"339.WeeTU","S009009",1
"632.WeeTU","S009009",3
"424.WeeTU","S009009",1
"361.WeeTU","S009009",1
"434.WeeTU","S009009",1
"405.WeeTU","S009009",1
"305.WeeTU","S009009",3
"465.WeeTU","S009009",1
"910.WeeTU","S009009",1
"504.WeeTU","S009009",9
"834.WeeTU","S009009",3
"840.WeeTU","S009009",2
"561.WeeTU","S009009",2
"297.WeeTU","S008888",1
"281.WeeTU","S008888",1
"420.WeeTU","S008888",1
"339.WeeTU","S008888",1
"632.WeeTU","S008888",1
"424.WeeTU","S008888",3
"361.WeeTU","S008888",2
"446.WeeTU","S008888",4
"434.WeeTU","S008888",2
"551.WeeTU","S008888",1
"910.WeeTU","S008888",1
"523.WeeTU","S008888",1
"872.WeeTU","S008888",1
"41.WeeTU","S008888",612
"297.WeeTU","S008849",2
"497.WeeTU","S008849",1
"366.WeeTU","S008849",2
"632.WeeTU","S008849",1
"671.WeeTU","S008849",1
"361.WeeTU","S008849",1
"556.WeeTU","S008849",1
"465.WeeTU","S008849",2
"14.WeeTU","S008849",3671
"61.WeeTU","S008849",1
"236.WeeTU","S008849",57
"497.WeeTU","S009045",2
"366.WeeTU","S009045",4
"420.WeeTU","S009045",1
"339.WeeTU","S009045",1
"632.WeeTU","S009045",1
"424.WeeTU","S009045",1
"361.WeeTU","S009045",1
"446.WeeTU","S009045",1
"434.WeeTU","S009045",2
"405.WeeTU","S009045",1
"305.WeeTU","S009045",1
"380.WeeTU","S009045",2
"910.WeeTU","S009045",1
"812.WeeTU","S009045",1
"742.WeeTU","S009045",6
"298.WeeTU","S009045",6
"10.WeeTU","S009028",4
"8.WeeTU","S009028",4
"29.WeeTU","S009028",1868
"297.WeeTU","S009028",1
"497.WeeTU","S009028",3
"366.WeeTU","S009028",2
"632.WeeTU","S009028",1
"424.WeeTU","S009028",1
"671.WeeTU","S009028",1
"556.WeeTU","S009028",1
"305.WeeTU","S009028",1
"417.WeeTU","S009028",1
"249.WeeTU","S009028",1
"910.WeeTU","S009028",1
"523.WeeTU","S009028",2
"872.WeeTU","S009028",1
"314.WeeTU","S009028",10
"32.WeeTU","S009028",1
"3.WeeTU","S009028",3
"14.WeeTU","S009028",1
"236.WeeTU","S009028",1
"7.WeeTU","S009035",227
"281.WeeTU","S009035",1
"497.WeeTU","S009035",2
"366.WeeTU","S009035",1
"339.WeeTU","S009035",1
"632.WeeTU","S009035",1
"424.WeeTU","S009035",2
"671.WeeTU","S009035",1
"405.WeeTU","S009035",1
"532.WeeTU","S009035",1
"812.WeeTU","S009035",1
"281.WeeTU","S009018",3
"420.WeeTU","S009018",1
"424.WeeTU","S009018",2
"671.WeeTU","S009018",4
"361.WeeTU","S009018",1
"446.WeeTU","S009018",1
"405.WeeTU","S009018",1
"556.WeeTU","S009018",3
"417.WeeTU","S009018",1
"465.WeeTU","S009018",2
"532.WeeTU","S009018",1
"910.WeeTU","S009018",1
"429.WeeTU","S009018",1
"51.WeeTU","S009018",696
"105.WeeTU","S009018",435
"903.WeeTU","S009018",2
"373.WeeTU","S009018",2
"833.WeeTU","S009018",2
"17.WeeTU","S008829",794
"297.WeeTU","S008829",2
"281.WeeTU","S008829",2
"497.WeeTU","S008829",1
"366.WeeTU","S008829",1
"420.WeeTU","S008829",2
"632.WeeTU","S008829",1
"424.WeeTU","S008829",2
"671.WeeTU","S008829",2
"446.WeeTU","S008829",1
"434.WeeTU","S008829",1
"405.WeeTU","S008829",2
"305.WeeTU","S008829",1
"417.WeeTU","S008829",2
"551.WeeTU","S008829",1
"532.WeeTU","S008829",1
"113.WeeTU","S008829",72
"121.WeeTU","S008829",51
"157.WeeTU","S008829",20
"250.WeeTU","S008829",12
"274.WeeTU","S008829",1
"238.WeeTU","S008829",1
"865.WeeTU","S008829",2
"879.WeeTU","S008829",5
"348.WeeTU","S008829",1
"464.WeeTU","S008829",1
"516.WeeTU","S008829",4
"858.WeeTU","S008829",4
"514.WeeTU","S008829",3
"346.WeeTU","S008829",3
"680.WeeTU","S008829",2
"705.WeeTU","S008829",2
"17.WeeTU","S008848",5769
"281.WeeTU","S008848",2
"420.WeeTU","S008848",2
"339.WeeTU","S008848",2
"632.WeeTU","S008848",1
"671.WeeTU","S008848",1
"446.WeeTU","S008848",1
"434.WeeTU","S008848",1
"556.WeeTU","S008848",1
"305.WeeTU","S008848",1
"551.WeeTU","S008848",1
"380.WeeTU","S008848",2
"111.WeeTU","S008848",83
"522.WeeTU","S008848",14
"274.WeeTU","S008848",1
"238.WeeTU","S008848",6
"300.WeeTU","S008848",7
"865.WeeTU","S008848",4
"601.WeeTU","S008848",5
"348.WeeTU","S008848",4
"464.WeeTU","S008848",4
"900.WeeTU","S008848",4
"642.WeeTU","S008848",3
"772.WeeTU","S008848",3
"449.WeeTU","S008848",3
"623.WeeTU","S008848",2
"492.WeeTU","S008848",2
"526.WeeTU","S008848",2
"657.WeeTU","S008848",2
"783.WeeTU","S008848",2
"829.WeeTU","S008848",2
"543.WeeTU","S008848",2
"743.WeeTU","S008848",2
"761.WeeTU","S008848",2
"908.WeeTU","S008848",2
"888.WeeTU","S008848",2
"661.WeeTU","S008848",2
"479.WeeTU","S008848",2
"862.WeeTU","S008848",2
"681.WeeTU","S008848",2
"454.WeeTU","S008848",2
"741.WeeTU","S008848",2
"899.WeeTU","S008848",2
"730.WeeTU","S008848",2
"878.WeeTU","S008848",2
"845.WeeTU","S008848",2
"14.WeeTU","S008848",1
"186.WeeTU","S008848",1
"890.WeeTU","S008848",4
"36.WeeTU","S009069",1792
"497.WeeTU","S009069",1
"420.WeeTU","S009069",1
"339.WeeTU","S009069",2
"632.WeeTU","S009069",2
"424.WeeTU","S009069",2
"361.WeeTU","S009069",1
"405.WeeTU","S009069",1
"417.WeeTU","S009069",2
"380.WeeTU","S009069",1
"910.WeeTU","S009069",1
"523.WeeTU","S009069",1
"609.WeeTU","S009069",1
"165.WeeTU","S009069",23
"170.WeeTU","S009069",23
"202.WeeTU","S009069",22
"291.WeeTU","S009069",21
"205.WeeTU","S009069",20
"322.WeeTU","S009069",19
"256.WeeTU","S009069",15
"230.WeeTU","S009069",14
"275.WeeTU","S009069",9
"409.WeeTU","S009069",9
"589.WeeTU","S009069",8
"239.WeeTU","S009069",8
"557.WeeTU","S009069",7
"718.WeeTU","S009069",7
"560.WeeTU","S009069",6
"821.WeeTU","S009069",5
"410.WeeTU","S009069",5
"313.WeeTU","S009069",5
"564.WeeTU","S009069",2
"550.WeeTU","S009069",2
"354.WeeTU","S009069",6
"184.WeeTU","S009069",14
"784.WeeTU","S009069",3
"659.WeeTU","S009069",6
"801.WeeTU","S009069",2
"43.WeeTU","S009029",5
"297.WeeTU","S009029",3
"281.WeeTU","S009029",2
"497.WeeTU","S009029",2
"83.WeeTU","S009029",210
"366.WeeTU","S009029",1
"420.WeeTU","S009029",1
"339.WeeTU","S009029",1
"424.WeeTU","S009029",1
"671.WeeTU","S009029",1
"434.WeeTU","S009029",1
"405.WeeTU","S009029",2
"556.WeeTU","S009029",1
"417.WeeTU","S009029",1
"551.WeeTU","S009029",1
"532.WeeTU","S009029",2
"609.WeeTU","S009029",1
"812.WeeTU","S009029",1
"20.WeeTU","S009029",1187
"14.WeeTU","S009029",1285
"52.WeeTU","S009029",951
"74.WeeTU","S009029",490
"579.WeeTU","S009029",2
"26.WeeTU","S009058",3231
"297.WeeTU","S009058",1
"497.WeeTU","S009058",2
"366.WeeTU","S009058",1
"420.WeeTU","S009058",3
"424.WeeTU","S009058",2
"671.WeeTU","S009058",2
"434.WeeTU","S009058",1
"556.WeeTU","S009058",1
"305.WeeTU","S009058",1
"551.WeeTU","S009058",1
"380.WeeTU","S009058",1
"609.WeeTU","S009058",1
"201.WeeTU","S009058",26
"719.WeeTU","S009058",20
"221.WeeTU","S009058",15
"337.WeeTU","S009058",9
"727.WeeTU","S009058",6
"460.WeeTU","S009058",3
"868.WeeTU","S009058",2
"909.WeeTU","S009058",2
"415.WeeTU","S009058",2
"22.WeeTU","S008879",1
"98.WeeTU","S008879",1
"297.WeeTU","S008879",1
"497.WeeTU","S008879",1
"420.WeeTU","S008879",1
"339.WeeTU","S008879",4
"424.WeeTU","S008879",2
"361.WeeTU","S008879",2
"446.WeeTU","S008879",1
"305.WeeTU","S008879",3
"380.WeeTU","S008879",2
"523.WeeTU","S008879",1
"297.WeeTU","S009025",1
"281.WeeTU","S009025",2
"497.WeeTU","S009025",1
"366.WeeTU","S009025",5
"339.WeeTU","S009025",1
"632.WeeTU","S009025",1
"671.WeeTU","S009025",1
"361.WeeTU","S009025",1
"446.WeeTU","S009025",1
"405.WeeTU","S009025",1
"305.WeeTU","S009025",1
"910.WeeTU","S009025",1
"872.WeeTU","S009025",1
"38.WeeTU","S009025",1524
"311.WeeTU","S009025",11
"155.WeeTU","S009025",48
"263.WeeTU","S009025",12
"503.WeeTU","S009025",4
"216.WeeTU","S009025",14
"213.WeeTU","S009025",17
"328.WeeTU","S009025",4
"687.WeeTU","S009025",2
"682.WeeTU","S009025",2
"898.WeeTU","S009025",6
"4.WeeTU","S008869",1
"9.WeeTU","S008869",2
"17.WeeTU","S008869",10
"10.WeeTU","S008869",4
"8.WeeTU","S008869",10
"15.WeeTU","S008869",2343
"26.WeeTU","S008869",3
"22.WeeTU","S008869",1
"127.WeeTU","S008869",1
"29.WeeTU","S008869",3
"50.WeeTU","S008869",1
"91.WeeTU","S008869",1
"30.WeeTU","S008869",1
"421.WeeTU","S008869",1
"123.WeeTU","S008869",1
"297.WeeTU","S008869",2
"281.WeeTU","S008869",2
"497.WeeTU","S008869",2
"220.WeeTU","S008869",1
"366.WeeTU","S008869",4
"420.WeeTU","S008869",3
"87.WeeTU","S008869",2
"339.WeeTU","S008869",2
"632.WeeTU","S008869",2
"424.WeeTU","S008869",1
"671.WeeTU","S008869",2
"361.WeeTU","S008869",2
"446.WeeTU","S008869",1
"434.WeeTU","S008869",2
"102.WeeTU","S008869",1
"405.WeeTU","S008869",3
"336.WeeTU","S008869",2
"556.WeeTU","S008869",2
"305.WeeTU","S008869",1
"417.WeeTU","S008869",4
"551.WeeTU","S008869",2
"380.WeeTU","S008869",2
"465.WeeTU","S008869",2
"532.WeeTU","S008869",3
"523.WeeTU","S008869",2
"609.WeeTU","S008869",2
"182.WeeTU","S008869",14
"276.WeeTU","S008869",1
"32.WeeTU","S008869",7
"41.WeeTU","S008869",1
"3.WeeTU","S008869",2
"5.WeeTU","S008869",2
"143.WeeTU","S008869",1
"27.WeeTU","S008869",2
"34.WeeTU","S008869",1
"297.WeeTU","S009019",2
"497.WeeTU","S009019",1
"420.WeeTU","S009019",1
"339.WeeTU","S009019",1
"671.WeeTU","S009019",3
"446.WeeTU","S009019",1
"434.WeeTU","S009019",2
"305.WeeTU","S009019",1
"551.WeeTU","S009019",2
"465.WeeTU","S009019",1
"11.WeeTU","S009019",1217
"47.WeeTU","S009019",216
"359.WeeTU","S009019",3
"622.WeeTU","S009019",2
"4.WeeTU","S009068",1410
"17.WeeTU","S009068",2
"37.WeeTU","S009068",1
"297.WeeTU","S009068",1
"497.WeeTU","S009068",1
"366.WeeTU","S009068",1
"420.WeeTU","S009068",1
"632.WeeTU","S009068",2
"671.WeeTU","S009068",1
"361.WeeTU","S009068",1
"405.WeeTU","S009068",2
"417.WeeTU","S009068",1
"465.WeeTU","S009068",1
"910.WeeTU","S009068",1
"429.WeeTU","S009068",2
"297.WeeTU","S008839",2
"281.WeeTU","S008839",2
"497.WeeTU","S008839",6
"366.WeeTU","S008839",1
"420.WeeTU","S008839",2
"339.WeeTU","S008839",3
"632.WeeTU","S008839",1
"424.WeeTU","S008839",2
"671.WeeTU","S008839",3
"361.WeeTU","S008839",1
"434.WeeTU","S008839",2
"556.WeeTU","S008839",1
"305.WeeTU","S008839",2
"417.WeeTU","S008839",1
"551.WeeTU","S008839",2
"910.WeeTU","S008839",1
"523.WeeTU","S008839",1
"872.WeeTU","S008839",2
"429.WeeTU","S008839",2
"812.WeeTU","S008839",1
"86.WeeTU","S008839",1
"120.WeeTU","S008839",50
"80.WeeTU","S008839",162
"142.WeeTU","S008839",62
"600.WeeTU","S008839",2
"297.WeeTU","S009059",1
"366.WeeTU","S009059",4
"420.WeeTU","S009059",3
"339.WeeTU","S009059",2
"632.WeeTU","S009059",1
"424.WeeTU","S009059",1
"671.WeeTU","S009059",1
"361.WeeTU","S009059",1
"446.WeeTU","S009059",4
"405.WeeTU","S009059",1
"417.WeeTU","S009059",1
"523.WeeTU","S009059",1
"812.WeeTU","S009059",1
"260.WeeTU","S009059",10
"86.WeeTU","S009059",209
"265.WeeTU","S009059",6
"733.WeeTU","S009059",3
"472.WeeTU","S009059",2
"297.WeeTU","S008838",1
"281.WeeTU","S008838",1
"497.WeeTU","S008838",1
"366.WeeTU","S008838",1
"420.WeeTU","S008838",1
"339.WeeTU","S008838",1
"632.WeeTU","S008838",2
"424.WeeTU","S008838",1
"671.WeeTU","S008838",3
"434.WeeTU","S008838",3
"556.WeeTU","S008838",2
"305.WeeTU","S008838",1
"417.WeeTU","S008838",1
"465.WeeTU","S008838",1
"532.WeeTU","S008838",1
"523.WeeTU","S008838",1
"297.WeeTU","S008896",4
"366.WeeTU","S008896",4
"339.WeeTU","S008896",1
"632.WeeTU","S008896",1
"424.WeeTU","S008896",3
"361.WeeTU","S008896",2
"434.WeeTU","S008896",2
"405.WeeTU","S008896",2
"556.WeeTU","S008896",2
"551.WeeTU","S008896",1
"192.WeeTU","S008896",44
"812.WeeTU","S008896",1
"66.WeeTU","S009049",444
"297.WeeTU","S009049",3
"281.WeeTU","S009049",1
"366.WeeTU","S009049",2
"420.WeeTU","S009049",2
"339.WeeTU","S009049",2
"632.WeeTU","S009049",2
"424.WeeTU","S009049",2
"671.WeeTU","S009049",1
"556.WeeTU","S009049",3
"417.WeeTU","S009049",1
"910.WeeTU","S009049",1
"609.WeeTU","S009049",3
"212.WeeTU","S009049",11
"517.WeeTU","S009049",2
"297.WeeTU","S008843",2
"281.WeeTU","S008843",1
"497.WeeTU","S008843",1
"366.WeeTU","S008843",1
"420.WeeTU","S008843",4
"632.WeeTU","S008843",1
"424.WeeTU","S008843",1
"361.WeeTU","S008843",2
"446.WeeTU","S008843",1
"434.WeeTU","S008843",1
"405.WeeTU","S008843",1
"556.WeeTU","S008843",1
"417.WeeTU","S008843",1
"551.WeeTU","S008843",1
"380.WeeTU","S008843",4
"465.WeeTU","S008843",1
"62.WeeTU","S008843",2011
"151.WeeTU","S008843",334
"51.WeeTU","S008843",1
"292.WeeTU","S008843",6
"573.WeeTU","S008843",4
"137.WeeTU","S008843",130
"321.WeeTU","S008843",180
"489.WeeTU","S008843",41
"857.WeeTU","S008843",2
"534.WeeTU","S008843",15
"811.WeeTU","S008843",12
"644.WeeTU","S008843",13
"360.WeeTU","S008843",12
"401.WeeTU","S008843",8
"599.WeeTU","S008843",14
"612.WeeTU","S008843",43
"344.WeeTU","S008843",25
"271.WeeTU","S008843",9
"476.WeeTU","S008843",10
"895.WeeTU","S008843",2
"855.WeeTU","S008843",7
"466.WeeTU","S008843",3
"605.WeeTU","S008843",2
"894.WeeTU","S008843",7
"285.WeeTU","S008843",11
"156.WeeTU","S008843",29
"841.WeeTU","S008843",5
"388.WeeTU","S008843",4
"594.WeeTU","S008843",2
"477.WeeTU","S008843",15
"413.WeeTU","S008843",2
"158.WeeTU","S008843",20
"831.WeeTU","S008843",5
"847.WeeTU","S008843",2
"562.WeeTU","S008843",7
"912.WeeTU","S008843",6
"553.WeeTU","S008843",7
"796.WeeTU","S008843",2
"527.WeeTU","S008843",5
"830.WeeTU","S008843",7
"832.WeeTU","S008843",2
"735.WeeTU","S008843",4
"736.WeeTU","S008843",2
"471.WeeTU","S008843",2
"568.WeeTU","S008843",3
"268.WeeTU","S008843",8
"400.WeeTU","S008843",2
"569.WeeTU","S008843",7
"509.WeeTU","S008843",8
"854.WeeTU","S008843",2
"771.WeeTU","S008843",2
"627.WeeTU","S008843",4
"839.WeeTU","S008843",7
"362.WeeTU","S008843",2
"614.WeeTU","S008843",2
"461.WeeTU","S008843",2
"272.WeeTU","S008843",4
"611.WeeTU","S008843",3
"577.WeeTU","S008843",2
"364.WeeTU","S008843",5
"587.WeeTU","S008843",2
"630.WeeTU","S008843",2
"455.WeeTU","S008843",2
"640.WeeTU","S008843",2
"799.WeeTU","S008843",2
"905.WeeTU","S008843",2
"744.WeeTU","S008843",2
"502.WeeTU","S008843",2
"590.WeeTU","S008843",2
"701.WeeTU","S008843",2
"870.WeeTU","S008843",2
"866.WeeTU","S008843",2
"578.WeeTU","S008843",2
"356.WeeTU","S008843",2
"486.WeeTU","S008843",2
"499.WeeTU","S008843",2
"734.WeeTU","S008843",2
"697.WeeTU","S008843",2
"809.WeeTU","S008843",2
"519.WeeTU","S008843",2
"430.WeeTU","S008843",2
"620.WeeTU","S008843",2
"619.WeeTU","S008843",2
"485.WeeTU","S008843",3
"18.WeeTU","S008820",4374
"281.WeeTU","S008820",3
"497.WeeTU","S008820",2
"366.WeeTU","S008820",1
"420.WeeTU","S008820",3
"339.WeeTU","S008820",3
"424.WeeTU","S008820",2
"361.WeeTU","S008820",2
"446.WeeTU","S008820",1
"434.WeeTU","S008820",1
"405.WeeTU","S008820",1
"556.WeeTU","S008820",2
"305.WeeTU","S008820",1
"551.WeeTU","S008820",1
"532.WeeTU","S008820",1
"523.WeeTU","S008820",1
"872.WeeTU","S008820",1
"429.WeeTU","S008820",1
"609.WeeTU","S008820",1
"650.WeeTU","S008820",21
"795.WeeTU","S008820",11
"882.WeeTU","S008820",11
"327.WeeTU","S008820",11
"334.WeeTU","S008820",10
"462.WeeTU","S008820",9
"848.WeeTU","S008820",9
"586.WeeTU","S008820",9
"467.WeeTU","S008820",7
"760.WeeTU","S008820",6
"555.WeeTU","S008820",6
"794.WeeTU","S008820",4
"552.WeeTU","S008820",4
"768.WeeTU","S008820",4
"836.WeeTU","S008820",2
"3.WeeTU","S008820",1
"4.WeeTU","S009038",9806
"297.WeeTU","S009038",7
"281.WeeTU","S009038",4
"497.WeeTU","S009038",1
"366.WeeTU","S009038",5
"420.WeeTU","S009038",8
"632.WeeTU","S009038",3
"424.WeeTU","S009038",3
"671.WeeTU","S009038",1
"361.WeeTU","S009038",2
"446.WeeTU","S009038",2
"434.WeeTU","S009038",3
"405.WeeTU","S009038",1
"556.WeeTU","S009038",3
"305.WeeTU","S009038",1
"551.WeeTU","S009038",2
"380.WeeTU","S009038",2
"465.WeeTU","S009038",3
"532.WeeTU","S009038",2
"523.WeeTU","S009038",2
"872.WeeTU","S009038",1
"609.WeeTU","S009038",1
"171.WeeTU","S009038",27
"812.WeeTU","S009038",2
"468.WeeTU","S009038",8
"297.WeeTU","S009078",1
"281.WeeTU","S009078",2
"366.WeeTU","S009078",1
"420.WeeTU","S009078",1
"339.WeeTU","S009078",2
"424.WeeTU","S009078",2
"671.WeeTU","S009078",2
"361.WeeTU","S009078",1
"434.WeeTU","S009078",1
"405.WeeTU","S009078",1
"551.WeeTU","S009078",1
"380.WeeTU","S009078",1
"465.WeeTU","S009078",2
"532.WeeTU","S009078",2
"523.WeeTU","S009078",2
"42.WeeTU","S009078",2621
"231.WeeTU","S009078",14
"255.WeeTU","S009078",9
"715.WeeTU","S009078",4
"397.WeeTU","S009078",3
"497.WeeTU","S009039",1
"366.WeeTU","S009039",2
"420.WeeTU","S009039",3
"632.WeeTU","S009039",2
"671.WeeTU","S009039",1
"361.WeeTU","S009039",1
"405.WeeTU","S009039",4
"417.WeeTU","S009039",1
"380.WeeTU","S009039",1
"465.WeeTU","S009039",1
"910.WeeTU","S009039",1
"188.WeeTU","S009039",12
"50.WeeTU","S009024",1953
"297.WeeTU","S009024",1
"497.WeeTU","S009024",1
"366.WeeTU","S009024",1
"420.WeeTU","S009024",1
"339.WeeTU","S009024",1
"632.WeeTU","S009024",2
"671.WeeTU","S009024",3
"434.WeeTU","S009024",2
"405.WeeTU","S009024",1
"305.WeeTU","S009024",1
"551.WeeTU","S009024",2
"380.WeeTU","S009024",1
"465.WeeTU","S009024",1
"532.WeeTU","S009024",2
"214.WeeTU","S009024",30
"340.WeeTU","S009024",11
"77.WeeTU","S009056",385
"281.WeeTU","S009056",1
"497.WeeTU","S009056",2
"366.WeeTU","S009056",1
"420.WeeTU","S009056",1
"339.WeeTU","S009056",3
"632.WeeTU","S009056",1
"424.WeeTU","S009056",1
"361.WeeTU","S009056",5
"434.WeeTU","S009056",4
"405.WeeTU","S009056",1
"556.WeeTU","S009056",3
"305.WeeTU","S009056",1
"417.WeeTU","S009056",3
"380.WeeTU","S009056",1
"465.WeeTU","S009056",1
"523.WeeTU","S009056",1
"429.WeeTU","S009056",1
"345.WeeTU","S009056",11
"297.WeeTU","S008831",1
"281.WeeTU","S008831",1
"366.WeeTU","S008831",1
"420.WeeTU","S008831",2
"339.WeeTU","S008831",3
"424.WeeTU","S008831",1
"671.WeeTU","S008831",1
"556.WeeTU","S008831",1
"305.WeeTU","S008831",1
"417.WeeTU","S008831",1
"551.WeeTU","S008831",2
"380.WeeTU","S008831",1
"910.WeeTU","S008831",1
"872.WeeTU","S008831",2
"27.WeeTU","S008831",3349
"788.WeeTU","S008831",5
"602.WeeTU","S008831",2
"4.WeeTU","S008852",1
"297.WeeTU","S008852",2
"281.WeeTU","S008852",2
"497.WeeTU","S008852",4
"420.WeeTU","S008852",3
"339.WeeTU","S008852",3
"632.WeeTU","S008852",2
"424.WeeTU","S008852",1
"361.WeeTU","S008852",1
"434.WeeTU","S008852",1
"305.WeeTU","S008852",1
"532.WeeTU","S008852",3
"872.WeeTU","S008852",1
"812.WeeTU","S008852",1
"32.WeeTU","S008852",4065
"262.WeeTU","S008852",33
"97.WeeTU","S008853",388
"123.WeeTU","S008853",230
"297.WeeTU","S008853",1
"497.WeeTU","S008853",3
"87.WeeTU","S008853",190
"339.WeeTU","S008853",1
"632.WeeTU","S008853",3
"424.WeeTU","S008853",1
"671.WeeTU","S008853",1
"336.WeeTU","S008853",128
"249.WeeTU","S008853",110
"551.WeeTU","S008853",1
"826.WeeTU","S008853",35
"609.WeeTU","S008853",1
"189.WeeTU","S008853",25
"473.WeeTU","S008853",23
"641.WeeTU","S008853",11
"297.WeeTU","S008823",2
"281.WeeTU","S008823",1
"497.WeeTU","S008823",3
"366.WeeTU","S008823",3
"420.WeeTU","S008823",2
"339.WeeTU","S008823",1
"632.WeeTU","S008823",3
"424.WeeTU","S008823",3
"361.WeeTU","S008823",1
"405.WeeTU","S008823",1
"417.WeeTU","S008823",1
"551.WeeTU","S008823",2
"380.WeeTU","S008823",1
"465.WeeTU","S008823",1
"429.WeeTU","S008823",1
"603.WeeTU","S008823",3
"297.WeeTU","S009079",1
"281.WeeTU","S009079",1
"497.WeeTU","S009079",2
"420.WeeTU","S009079",1
"339.WeeTU","S009079",4
"632.WeeTU","S009079",1
"424.WeeTU","S009079",1
"446.WeeTU","S009079",2
"434.WeeTU","S009079",1
"405.WeeTU","S009079",1
"556.WeeTU","S009079",1
"551.WeeTU","S009079",1
"61.WeeTU","S009079",2776
"178.WeeTU","S009079",27
"595.WeeTU","S009079",3
"628.WeeTU","S009079",11
"17.WeeTU","S008840",999
"35.WeeTU","S008840",1
"71.WeeTU","S008840",1
"104.WeeTU","S008840",15
"117.WeeTU","S008840",108
"339.WeeTU","S008840",3
"424.WeeTU","S008840",1
"671.WeeTU","S008840",3
"361.WeeTU","S008840",1
"446.WeeTU","S008840",2
"405.WeeTU","S008840",1
"305.WeeTU","S008840",1
"551.WeeTU","S008840",1
"532.WeeTU","S008840",2
"910.WeeTU","S008840",4
"278.WeeTU","S008840",48
"872.WeeTU","S008840",1
"429.WeeTU","S008840",1
"425.WeeTU","S008840",19
"911.WeeTU","S008840",4
"844.WeeTU","S008840",2
"218.WeeTU","S008840",12
"280.WeeTU","S008840",3
"168.WeeTU","S008840",20
"856.WeeTU","S008840",2
"297.WeeTU","S008850",3
"497.WeeTU","S008850",2
"420.WeeTU","S008850",3
"339.WeeTU","S008850",1
"671.WeeTU","S008850",1
"405.WeeTU","S008850",1
"114.WeeTU","S008850",101
"551.WeeTU","S008850",1
"380.WeeTU","S008850",1
"465.WeeTU","S008850",1
"429.WeeTU","S008850",1
"93.WeeTU","S008850",621
"904.WeeTU","S008850",33
"21.WeeTU","S008851",1962
"297.WeeTU","S008851",1
"281.WeeTU","S008851",1
"339.WeeTU","S008851",2
"632.WeeTU","S008851",2
"671.WeeTU","S008851",3
"305.WeeTU","S008851",1
"551.WeeTU","S008851",2
"872.WeeTU","S008851",1
"351.WeeTU","S008851",9
"669.WeeTU","S008851",3
"513.WeeTU","S008851",2
"581.WeeTU","S008851",2
"529.WeeTU","S008851",2
"488.WeeTU","S008851",2
"398.WeeTU","S008851",2
"813.WeeTU","S008851",2
"876.WeeTU","S008851",2
"536.WeeTU","S008851",2
"416.WeeTU","S008851",2
"355.WeeTU","S008851",2
"704.WeeTU","S008851",2
"804.WeeTU","S008851",2
"365.WeeTU","S008851",2
"353.WeeTU","S008851",2
"193.WeeTU","S008851",17
"767.WeeTU","S008851",2
"739.WeeTU","S008851",5
"17.WeeTU","S008842",1
"73.WeeTU","S008842",631
"89.WeeTU","S008842",440
"297.WeeTU","S008842",5
"281.WeeTU","S008842",1
"366.WeeTU","S008842",1
"420.WeeTU","S008842",3
"339.WeeTU","S008842",1
"632.WeeTU","S008842",1
"424.WeeTU","S008842",3
"671.WeeTU","S008842",1
"361.WeeTU","S008842",1
"446.WeeTU","S008842",1
"434.WeeTU","S008842",1
"405.WeeTU","S008842",2
"114.WeeTU","S008842",1
"556.WeeTU","S008842",1
"571.WeeTU","S008842",121
"305.WeeTU","S008842",1
"417.WeeTU","S008842",1
"551.WeeTU","S008842",1
"465.WeeTU","S008842",1
"910.WeeTU","S008842",2
"523.WeeTU","S008842",1
"324.WeeTU","S008842",9
"539.WeeTU","S008842",8
"93.WeeTU","S008842",19
"163.WeeTU","S008842",38
"663.WeeTU","S008842",7
"904.WeeTU","S008842",2
"625.WeeTU","S008842",8
"30.WeeTU","S008841",11
"54.WeeTU","S008841",12
"39.WeeTU","S008841",2
"64.WeeTU","S008841",846
"76.WeeTU","S008841",522
"89.WeeTU","S008841",2
"297.WeeTU","S008841",1
"281.WeeTU","S008841",1
"366.WeeTU","S008841",1
"632.WeeTU","S008841",1
"424.WeeTU","S008841",2
"671.WeeTU","S008841",1
"446.WeeTU","S008841",1
"114.WeeTU","S008841",9
"556.WeeTU","S008841",1
"305.WeeTU","S008841",2
"417.WeeTU","S008841",2
"118.WeeTU","S008841",103
"380.WeeTU","S008841",1
"523.WeeTU","S008841",1
"312.WeeTU","S008841",22
"180.WeeTU","S008841",14
"234.WeeTU","S008841",10
"621.WeeTU","S008841",8
"225.WeeTU","S008841",8
"724.WeeTU","S008841",5
"692.WeeTU","S008841",4
"827.WeeTU","S008841",2
"695.WeeTU","S008841",2
"3.WeeTU","S008841",96
"5.WeeTU","S008841",9
"698.WeeTU","S008841",1
"106.WeeTU","S008841",158
"93.WeeTU","S008841",55
"143.WeeTU","S008841",84
"107.WeeTU","S008841",125
"554.WeeTU","S008841",1
"110.WeeTU","S008841",1
"757.WeeTU","S008841",6
"629.WeeTU","S008841",3
"703.WeeTU","S008841",4
"721.WeeTU","S008841",2
"17.WeeTU","S008822",20
"18.WeeTU","S008822",66
"297.WeeTU","S008822",1
"281.WeeTU","S008822",1
"497.WeeTU","S008822",1
"339.WeeTU","S008822",2
"632.WeeTU","S008822",3
"424.WeeTU","S008822",2
"556.WeeTU","S008822",1
"417.WeeTU","S008822",1
"551.WeeTU","S008822",1
"872.WeeTU","S008822",2
"303.WeeTU","S008822",6
"670.WeeTU","S008822",3
"93.WeeTU","S008822",10
"904.WeeTU","S008822",3
"281.WeeTU","S008830",2
"497.WeeTU","S008830",1
"366.WeeTU","S008830",2
"339.WeeTU","S008830",2
"424.WeeTU","S008830",3
"671.WeeTU","S008830",2
"361.WeeTU","S008830",1
"446.WeeTU","S008830",2
"405.WeeTU","S008830",1
"305.WeeTU","S008830",1
"417.WeeTU","S008830",1
"551.WeeTU","S008830",1
"380.WeeTU","S008830",1
"465.WeeTU","S008830",1
"532.WeeTU","S008830",1
"910.WeeTU","S008830",1
"523.WeeTU","S008830",1
"25.WeeTU","S008830",4242
"793.WeeTU","S008830",2
"57.WeeTU","S008821",1161
"297.WeeTU","S008821",2
"339.WeeTU","S008821",1
"671.WeeTU","S008821",1
"446.WeeTU","S008821",1
"434.WeeTU","S008821",1
"305.WeeTU","S008821",1
"417.WeeTU","S008821",1
"429.WeeTU","S008821",1
"20.WeeTU","S008821",119
"141.WeeTU","S008821",44
"297.WeeTU","S009046",1
"281.WeeTU","S009046",4
"497.WeeTU","S009046",1
"366.WeeTU","S009046",1
"420.WeeTU","S009046",1
"632.WeeTU","S009046",3
"671.WeeTU","S009046",3
"361.WeeTU","S009046",1
"446.WeeTU","S009046",1
"434.WeeTU","S009046",2
"556.WeeTU","S009046",1
"305.WeeTU","S009046",1
"417.WeeTU","S009046",1
"551.WeeTU","S009046",2
"380.WeeTU","S009046",1
"910.WeeTU","S009046",4
"523.WeeTU","S009046",1
"248.WeeTU","S009046",4
"297.WeeTU","S009036",1
"281.WeeTU","S009036",2
"497.WeeTU","S009036",1
"366.WeeTU","S009036",2
"420.WeeTU","S009036",1
"339.WeeTU","S009036",2
"632.WeeTU","S009036",3
"424.WeeTU","S009036",2
"671.WeeTU","S009036",1
"361.WeeTU","S009036",2
"446.WeeTU","S009036",1
"434.WeeTU","S009036",1
"405.WeeTU","S009036",2
"556.WeeTU","S009036",1
"305.WeeTU","S009036",2
"417.WeeTU","S009036",1
"465.WeeTU","S009036",1
"532.WeeTU","S009036",2
"523.WeeTU","S009036",1
"872.WeeTU","S009036",1
"609.WeeTU","S009036",2
"12.WeeTU","S009036",5950
"175.WeeTU","S009036",45
"403.WeeTU","S009036",28
"633.WeeTU","S009036",16
"512.WeeTU","S009036",61
"530.WeeTU","S009036",7
"217.WeeTU","S009036",35
"653.WeeTU","S009036",6
"525.WeeTU","S009036",4
"297.WeeTU","S009034",1
"281.WeeTU","S009034",2
"366.WeeTU","S009034",1
"420.WeeTU","S009034",1
"424.WeeTU","S009034",1
"671.WeeTU","S009034",1
"446.WeeTU","S009034",1
"434.WeeTU","S009034",2
"102.WeeTU","S009034",149
"405.WeeTU","S009034",2
"417.WeeTU","S009034",1
"551.WeeTU","S009034",2
"532.WeeTU","S009034",1
"429.WeeTU","S009034",1
"12.WeeTU","S009034",1
"297.WeeTU","S009026",1
"281.WeeTU","S009026",2
"497.WeeTU","S009026",2
"366.WeeTU","S009026",2
"420.WeeTU","S009026",3
"339.WeeTU","S009026",4
"632.WeeTU","S009026",3
"424.WeeTU","S009026",1
"446.WeeTU","S009026",1
"434.WeeTU","S009026",2
"405.WeeTU","S009026",3
"556.WeeTU","S009026",1
"465.WeeTU","S009026",1
"910.WeeTU","S009026",1
"523.WeeTU","S009026",1
"872.WeeTU","S009026",1
"20.WeeTU","S009026",1
"3.WeeTU","S009026",13298
"110.WeeTU","S009026",74
"814.WeeTU","S009026",8
"887.WeeTU","S009026",2
"29.WeeTU","S008833",19
"297.WeeTU","S008833",2
"281.WeeTU","S008833",1
"497.WeeTU","S008833",2
"420.WeeTU","S008833",1
"632.WeeTU","S008833",1
"424.WeeTU","S008833",1
"671.WeeTU","S008833",2
"446.WeeTU","S008833",2
"434.WeeTU","S008833",1
"405.WeeTU","S008833",1
"103.WeeTU","S008833",134
"136.WeeTU","S008833",120
"305.WeeTU","S008833",1
"551.WeeTU","S008833",1
"131.WeeTU","S008833",64
"523.WeeTU","S008833",1
"211.WeeTU","S008833",19
"93.WeeTU","S008833",15
"25.WeeTU","S008833",41
"108.WeeTU","S008833",159
"411.WeeTU","S008833",5
"281.WeeTU","S008832",1
"497.WeeTU","S008832",2
"366.WeeTU","S008832",3
"420.WeeTU","S008832",2
"339.WeeTU","S008832",3
"632.WeeTU","S008832",1
"424.WeeTU","S008832",1
"361.WeeTU","S008832",2
"446.WeeTU","S008832",3
"434.WeeTU","S008832",1
"405.WeeTU","S008832",2
"556.WeeTU","S008832",3
"417.WeeTU","S008832",3
"465.WeeTU","S008832",1
"532.WeeTU","S008832",1
"523.WeeTU","S008832",1
"609.WeeTU","S008832",1
"812.WeeTU","S008832",1
"34.WeeTU","S008832",2103
"130.WeeTU","S008832",137
"162.WeeTU","S008832",27
"880.WeeTU","S008832",11
"713.WeeTU","S008832",2
"664.WeeTU","S008832",3
"393.WeeTU","S008832",2
"591.WeeTU","S008832",2
"873.WeeTU","S008832",2
"75.WeeTU","S009044",1242
"297.WeeTU","S009044",2
"281.WeeTU","S009044",1
"498.WeeTU","S009044",224
"497.WeeTU","S009044",1
"366.WeeTU","S009044",1
"420.WeeTU","S009044",1
"339.WeeTU","S009044",4
"632.WeeTU","S009044",1
"424.WeeTU","S009044",2
"446.WeeTU","S009044",1
"434.WeeTU","S009044",1
"551.WeeTU","S009044",1
"532.WeeTU","S009044",1
"812.WeeTU","S009044",2
"875.WeeTU","S009044",19
"297.WeeTU","S009055",1
"281.WeeTU","S009055",2
"420.WeeTU","S009055",1
"339.WeeTU","S009055",1
"632.WeeTU","S009055",2
"671.WeeTU","S009055",1
"361.WeeTU","S009055",1
"434.WeeTU","S009055",1
"134.WeeTU","S009055",113
"417.WeeTU","S009055",2
"551.WeeTU","S009055",1
"872.WeeTU","S009055",1
"609.WeeTU","S009055",1
"208.WeeTU","S009055",5
"505.WeeTU","S009055",2
"4.WeeTU","S009054",1
"15.WeeTU","S009054",1587
"297.WeeTU","S009054",2
"497.WeeTU","S009054",3
"366.WeeTU","S009054",2
"420.WeeTU","S009054",2
"339.WeeTU","S009054",3
"632.WeeTU","S009054",2
"424.WeeTU","S009054",1
"671.WeeTU","S009054",3
"361.WeeTU","S009054",5
"446.WeeTU","S009054",3
"405.WeeTU","S009054",1
"305.WeeTU","S009054",1
"417.WeeTU","S009054",1
"551.WeeTU","S009054",2
"380.WeeTU","S009054",2
"465.WeeTU","S009054",1
"532.WeeTU","S009054",1
"872.WeeTU","S009054",1
"182.WeeTU","S009054",5
