"WeeTU","k","p","c","o","Family","Genus","SciName"
"4.WeeTU","Eukaryota","Streptophyta","None","Malpighiales","Euphorbiaceae","Euphorbia","Euphorbia maculata"
"9.WeeTU","Eukaryota","Streptophyta","None","Brassicales","Brassicaceae","Camelina","Camelina sativa"
"17.WeeTU","Eukaryota","Streptophyta","None","Zygophyllales","Zygophyllaceae","Tribulus","Tribulus terrestris"
"19.WeeTU","Eukaryota","Streptophyta","None","Malpighiales","Euphorbiaceae","Croton","Croton kongensis"
"7.WeeTU","Eukaryota","Streptophyta","Liliopsida","Poales","Poaceae","Alloteropsis","Alloteropsis semialata"
"13.WeeTU","Eukaryota","Streptophyta","None","Brassicales","Brassicaceae","Descurainia","Descurainia sophia"
"10.WeeTU","Eukaryota","Streptophyta","None","Lamiales","Plantaginaceae","Plantago","Plantago minuta"
"8.WeeTU","Eukaryota","Streptophyta","None","Brassicales","Brassicaceae","Lepidium","Lepidium virginicum"
"16.WeeTU","Eukaryota","Streptophyta","None","Fabales","Fabaceae","Astragalus","Astragalus membranaceus"
"18.WeeTU","Eukaryota","Streptophyta","None","Fabales","Fabaceae","Crotalaria","Crotalaria emirnensis"
"15.WeeTU","Eukaryota","Streptophyta","Liliopsida","Poales","Poaceae","Tenaxia","Tenaxia guillarmodiae"
"33.WeeTU","Eukaryota","Streptophyta","None","Asterales","Asteraceae","Helianthus","Helianthus annuus"
"49.WeeTU","Eukaryota","Streptophyta","None","Asterales","Asteraceae","Perezia","Perezia carthamoides"
"37.WeeTU","Eukaryota","Streptophyta","None","Asterales","Asteraceae","Erigeron","Erigeron annuus"
"43.WeeTU","Eukaryota","Streptophyta","None","Fabales","Fabaceae","Vachellia","Vachellia rehmanniana"
"26.WeeTU","Eukaryota","Streptophyta","None","Fabales","Fabaceae","Chamaecrista","Chamaecrista nigricans"
"28.WeeTU","Eukaryota","Streptophyta","None","Fabales","Fabaceae","Astragalus","Astragalus membranaceus"
"40.WeeTU","Eukaryota","Streptophyta","None","Asterales","Asteraceae","Xanthium","Xanthium sibiricum"
"22.WeeTU","Eukaryota","Streptophyta","Liliopsida","Poales","Poaceae","Saccharum","Saccharum hybrid cultivar"
"127.WeeTU","Eukaryota","Streptophyta","None","Asterales","Asteraceae","Erigeron","Erigeron annuus"
"56.WeeTU","Eukaryota","Streptophyta","None","Boraginales","Boraginaceae","Oreocarya","Oreocarya crymophila"
"29.WeeTU","Eukaryota","Streptophyta","Liliopsida","Poales","Poaceae","Alloteropsis","Alloteropsis semialata"
"23.WeeTU","Eukaryota","Streptophyta","None","Asterales","Asteraceae","Helichrysum","Helichrysum arenarium"
"50.WeeTU","Eukaryota","Streptophyta","None","Malpighiales","Euphorbiaceae","Euphorbia","Euphorbia maculata"
"35.WeeTU","Eukaryota","Streptophyta","None","Caryophyllales","Polygonaceae","Rumex","Rumex japonicus"
"55.WeeTU","Eukaryota","Streptophyta","None","Brassicales","Brassicaceae","Arabidopsis","Arabidopsis lyrata"
"63.WeeTU","Eukaryota","Streptophyta","None","Asterales","Asteraceae","Xanthium","Xanthium sibiricum"
"21.WeeTU","Eukaryota","Streptophyta","None","Fabales","Fabaceae","Dalea","Dalea weberbaueri"
"91.WeeTU","Eukaryota","Streptophyta","None","Lamiales","Plantaginaceae","Plantago","Plantago minuta"
"69.WeeTU","Eukaryota","Streptophyta","None","Asterales","Asteraceae","Helianthus","Helianthus annuus"
"36.WeeTU","Eukaryota","Streptophyta","None","Lamiales","Lamiaceae","Vitex","Vitex trifolia"
"30.WeeTU","Eukaryota","Streptophyta","None","Malvales","Malvaceae","Gossypium","Gossypium raimondii"
"44.WeeTU","Eukaryota","Streptophyta","None","Asterales","Asteraceae","Sigesbeckia","Sigesbeckia orientalis"
"45.WeeTU","Eukaryota","Streptophyta","None","Boraginales","Boraginaceae","Oreocarya","Oreocarya flavoculata"
"135.WeeTU","Eukaryota","Streptophyta","None","Asterales","Asteraceae","Xanthium","Xanthium sibiricum"
"70.WeeTU","Eukaryota","Streptophyta","None","Myrtales","Onagraceae","Oenothera","Oenothera odorata"
"67.WeeTU","Eukaryota","Streptophyta","None","Asterales","Asteraceae","Xanthium","Xanthium sibiricum"
"421.WeeTU","Eukaryota","Streptophyta","None","Lamiales","Plantaginaceae","Plantago","Plantago minuta"
"54.WeeTU","Eukaryota","Streptophyta","None","Fabales","Fabaceae","Lupinus","Lupinus sp. AT-2012"
"756.WeeTU","Eukaryota","Streptophyta","None","Fabales","Fabaceae","Archidendron","Archidendron dalatense"
"75.WeeTU","Eukaryota","Streptophyta","None","Asterales","Asteraceae","Xanthium","Xanthium sibiricum"
"57.WeeTU","Eukaryota","Streptophyta","None","Lamiales","Acanthaceae","Clinacanthus","Clinacanthus nutans"
"39.WeeTU","Eukaryota","Streptophyta","None","Fabales","Fabaceae","Lupinus","Lupinus sp. AT-2012"
"98.WeeTU","Eukaryota","Streptophyta","None","Asterales","Asteraceae","Xanthium","Xanthium sibiricum"
"88.WeeTU","Eukaryota","Streptophyta","None","Caryophyllales","Chenopodiaceae","Atriplex","Atriplex sp. Yeelirrie Station"
"64.WeeTU","Eukaryota","Streptophyta","Liliopsida","Poales","Poaceae","Sorghum","Sorghum bicolor"
"71.WeeTU","Eukaryota","Streptophyta","None","Caryophyllales","Polygonaceae","Rumex","Rumex japonicus"
"73.WeeTU","Eukaryota","Streptophyta","Liliopsida","Poales","Poaceae","Saccharum","Saccharum hybrid cultivar"
"76.WeeTU","Eukaryota","Streptophyta","Liliopsida","Poales","Poaceae","Saccharum","Saccharum hybrid cultivar"
"68.WeeTU","Eukaryota","Streptophyta","None","Asterales","Asteraceae","Cichorium","Cichorium glandulosum"
"81.WeeTU","Eukaryota","Streptophyta","None","Asterales","Asteraceae","Cichorium","Cichorium glandulosum"
"66.WeeTU","Eukaryota","Streptophyta","None","Malvales","Malvaceae","Lavatera","Lavatera cashemiriana"
"89.WeeTU","Eukaryota","Streptophyta","Liliopsida","Poales","Poaceae","Saccharum","Saccharum hybrid cultivar"
"116.WeeTU","Eukaryota","Streptophyta","None","Asterales","Asteraceae","Xanthium","Xanthium sibiricum"
"77.WeeTU","Eukaryota","Streptophyta","Liliopsida","Poales","Poaceae","Cynodon","Cynodon dactylon"
"97.WeeTU","Eukaryota","Streptophyta","None","Asterales","Asteraceae","Helianthus","Helianthus annuus"
"95.WeeTU","Eukaryota","Streptophyta","None","Fabales","Fabaceae","Senna","Senna occidentalis"
"125.WeeTU","Eukaryota","Streptophyta","None","Asterales","Asteraceae","Xanthium","Xanthium sibiricum"
"104.WeeTU","Eukaryota","Streptophyta","None","Zygophyllales","Zygophyllaceae","Tribulus","Tribulus terrestris"
"123.WeeTU","Eukaryota","Streptophyta","None","Asterales","Asteraceae","Xanthium","Xanthium sibiricum"
"297.WeeTU","Viruses","None","None","None","Microviridae","Microvirus","Enterobacteria phage phiX174 sensu lato"
"281.WeeTU","Viruses","None","None","None","Microviridae","Microvirus","Enterobacteria phage phiX174 sensu lato"
"498.WeeTU","Eukaryota","Streptophyta","None","Asterales","Asteraceae","Xanthium","Xanthium sibiricum"
"497.WeeTU","Viruses","None","None","None","Microviridae","Microvirus","Enterobacteria phage phiX174 sensu lato"
"83.WeeTU","Eukaryota","Streptophyta","None","Caryophyllales","Talinaceae","Talinum","Talinum paniculatum"
"117.WeeTU","Eukaryota","Streptophyta","None","Zygophyllales","Zygophyllaceae","Tribulus","Tribulus terrestris"
"220.WeeTU","Eukaryota","Streptophyta","None","Asterales","Asteraceae","Erigeron","Erigeron annuus"
"366.WeeTU","Viruses","None","None","None","Microviridae","Microvirus","Enterobacteria phage phiX174 sensu lato"
"420.WeeTU","Viruses","None","None","None","Microviridae","Microvirus","Enterobacteria phage phiX174 sensu lato"
"87.WeeTU","Eukaryota","Streptophyta","None","Asterales","Asteraceae","Sigesbeckia","Sigesbeckia orientalis"
"339.WeeTU","Viruses","None","None","None","Microviridae","Microvirus","Enterobacteria phage phiX174 sensu lato"
"84.WeeTU","Eukaryota","Streptophyta","None","Apiales","Apiaceae","Ferula","Ferula akitschkensis"
"632.WeeTU","Viruses","None","None","None","Microviridae","Microvirus","Enterobacteria phage phiX174 sensu lato"
"200.WeeTU","Eukaryota","Streptophyta","None","Asterales","Asteraceae","Helianthus","Helianthus annuus"
"424.WeeTU","Viruses","None","None","None","Microviridae","Microvirus","Enterobacteria phage phiX174 sensu lato"
"671.WeeTU","Viruses","None","None","None","Microviridae","Microvirus","Enterobacteria phage phiX174 sensu lato"
"100.WeeTU","Eukaryota","Streptophyta","None","Myrtales","Lythraceae","Lagerstroemia","Lagerstroemia tomentosa"
"361.WeeTU","Viruses","None","None","None","Microviridae","Microvirus","Enterobacteria phage phiX174 sensu lato"
"446.WeeTU","Viruses","None","None","None","Microviridae","Microvirus","Enterobacteria phage phiX174 sensu lato"
"434.WeeTU","Viruses","None","None","None","Microviridae","Microvirus","Enterobacteria phage phiX174 sensu lato"
"102.WeeTU","Eukaryota","Streptophyta","Liliopsida","Poales","Poaceae","Sporobolus","Sporobolus maritimus"
"405.WeeTU","Viruses","None","None","None","Microviridae","Microvirus","Enterobacteria phage phiX174 sensu lato"
"114.WeeTU","Eukaryota","Streptophyta","None","Solanales","Convolvulaceae","Convolvulus","Convolvulus arvensis"
"94.WeeTU","Eukaryota","Streptophyta","None","Zygophyllales","Zygophyllaceae","Kallstroemia","Kallstroemia parviflora"
"103.WeeTU","Eukaryota","Streptophyta","None","Caryophyllales","Cactaceae","Stenocereus","Stenocereus stellatus"
"336.WeeTU","Eukaryota","Streptophyta","None","Asterales","Asteraceae","Xanthium","Xanthium sibiricum"
"556.WeeTU","Viruses","None","None","None","Microviridae","Microvirus","Enterobacteria phage phiX174 sensu lato"
"96.WeeTU","Eukaryota","Streptophyta","None","Caryophyllales","Talinaceae","Talinum","Talinum paniculatum"
"571.WeeTU","Eukaryota","Streptophyta","Liliopsida","Poales","Poaceae","Saccharum","Saccharum hybrid cultivar"
"136.WeeTU","Eukaryota","Streptophyta","None","Rosales","Rosaceae","Rubus","Rubus cochinchinensis"
"134.WeeTU","Eukaryota","Streptophyta","Liliopsida","Poales","Poaceae","Saccharum","Saccharum hybrid cultivar"
"112.WeeTU","Eukaryota","Streptophyta","None","Zygophyllales","Zygophyllaceae","Tribulus","Tribulus terrestris"
"122.WeeTU","Eukaryota","Streptophyta","Liliopsida","Poales","Poaceae","Saccharum","Saccharum hybrid cultivar"
"305.WeeTU","Viruses","None","None","None","Microviridae","Microvirus","Enterobacteria phage phiX174 sensu lato"
"417.WeeTU","Viruses","None","None","None","Microviridae","Microvirus","Enterobacteria phage phiX174 sensu lato"
"118.WeeTU","Eukaryota","Streptophyta","Liliopsida","Poales","Poaceae","Saccharum","Saccharum hybrid cultivar"
"249.WeeTU","Eukaryota","Streptophyta","None","Asterales","Asteraceae","Helianthus","Helianthus annuus"
"198.WeeTU","Eukaryota","Streptophyta","None","Fabales","Fabaceae","Senna","Senna occidentalis"
"551.WeeTU","Viruses","None","None","None","Microviridae","Microvirus","Enterobacteria phage phiX174 sensu lato"
"380.WeeTU","Viruses","None","None","None","Microviridae","Microvirus","Enterobacteria phage phiX174 sensu lato"
"146.WeeTU","Eukaryota","Streptophyta","None","Ranunculales","Ranunculaceae","Aconitum","Aconitum kusnezoffii"
"465.WeeTU","Viruses","None","None","None","Microviridae","Microvirus","Enterobacteria phage phiX174 sensu lato"
"128.WeeTU","Eukaryota","Streptophyta","None","Brassicales","Brassicaceae","Arabidopsis","Arabidopsis lyrata"
"195.WeeTU","Eukaryota","Streptophyta","None","Fabales","Fabaceae","Senna","Senna occidentalis"
"148.WeeTU","Eukaryota","Streptophyta","None","Solanales","Solanaceae","Solanum","Solanum nigrum"
"532.WeeTU","Viruses","None","None","None","Microviridae","Microvirus","Enterobacteria phage phiX174 sensu lato"
"126.WeeTU","Eukaryota","Streptophyta","Liliopsida","Poales","Poaceae","Alloteropsis","Alloteropsis semialata"
"228.WeeTU","Eukaryota","Streptophyta","None","Brassicales","Brassicaceae","Descurainia","Descurainia sophia"
"111.WeeTU","Eukaryota","Streptophyta","None","Zygophyllales","Zygophyllaceae","Tribulus","Tribulus terrestris"
"140.WeeTU","Eukaryota","Streptophyta","None","Solanales","Convolvulaceae","Convolvulus","Convolvulus arvensis"
"113.WeeTU","Eukaryota","Streptophyta","None","Fabales","Fabaceae","Medicago","Medicago truncatula"
"689.WeeTU","Eukaryota","Streptophyta","None","Asterales","Asteraceae","Xanthium","Xanthium sibiricum"
"910.WeeTU","Viruses","None","None","None","Microviridae","Microvirus","Enterobacteria phage phiX174 sensu lato"
"131.WeeTU","Eukaryota","Streptophyta","None","Rosales","Rosaceae","Rubus","Rubus cochinchinensis"
"570.WeeTU","Eukaryota","Streptophyta","None","Brassicales","Brassicaceae","Camelina","Camelina sativa"
"523.WeeTU","Viruses","None","None","None","Microviridae","Microvirus","Enterobacteria phage phiX174 sensu lato"
"145.WeeTU","Eukaryota","Streptophyta","None","Fabales","Fabaceae","Archidendron","Archidendron dalatense"
"383.WeeTU","Eukaryota","Streptophyta","None","Asterales","Asteraceae","Xanthium","Xanthium sibiricum"
"278.WeeTU","Eukaryota","Streptophyta","None","Zygophyllales","Zygophyllaceae","Tribulus","Tribulus terrestris"
"758.WeeTU","Eukaryota","Streptophyta","None","Lamiales","Plantaginaceae","Plantago","Plantago minuta"
"872.WeeTU","Viruses","None","None","None","Microviridae","Microvirus","Enterobacteria phage phiX174 sensu lato"
"442.WeeTU","Eukaryota","Streptophyta","None","Brassicales","Brassicaceae","Arabidopsis","Arabidopsis lyrata"
"129.WeeTU","Eukaryota","Streptophyta","None","Asterales","Asteraceae","Xanthium","Xanthium sibiricum"
"301.WeeTU","Eukaryota","Streptophyta","None","Brassicales","Brassicaceae","Camelina","Camelina sativa"
"121.WeeTU","Eukaryota","Streptophyta","None","Fabales","Fabaceae","Medicago","Medicago truncatula"
"770.WeeTU","Eukaryota","Streptophyta","None","Asterales","Asteraceae","Xanthium","Xanthium sibiricum"
"192.WeeTU","Eukaryota","Streptophyta","None","Malvales","Malvaceae","Abutilon","Abutilon theophrasti"
"429.WeeTU","Viruses","None","None","None","Microviridae","Microvirus","Enterobacteria phage phiX174 sensu lato"
"206.WeeTU","Eukaryota","Streptophyta","None","Fabales","Fabaceae","Glycine","Glycine tomentella"
"138.WeeTU","Eukaryota","Streptophyta","None","Rosales","Elaeagnaceae","Hippophae","Hippophae rhamnoides"
"826.WeeTU","Eukaryota","Streptophyta","None","Asterales","Asteraceae","Helianthus","Helianthus annuus"
"160.WeeTU","Eukaryota","Streptophyta","None","Malvales","Malvaceae","Sphaeralcea","Sphaeralcea wrightii"
"214.WeeTU","Eukaryota","Streptophyta","None","Malpighiales","Euphorbiaceae","Euphorbia","Euphorbia maculata"
"188.WeeTU","Eukaryota","Streptophyta","None","Caryophyllales","Chenopodiaceae","Atriplex","Atriplex sp. Yeelirrie Station"
"609.WeeTU","Viruses","None","None","None","Microviridae","Microvirus","Enterobacteria phage phiX174 sensu lato"
"181.WeeTU","Eukaryota","Streptophyta","None","Fabales","Fabaceae","Vachellia","Vachellia rehmanniana"
"226.WeeTU","Eukaryota","Streptophyta","None","Brassicales","Brassicaceae","Camelina","Camelina sativa"
"171.WeeTU","Eukaryota","Streptophyta","None","Malpighiales","Euphorbiaceae","Euphorbia","Euphorbia maculata"
"201.WeeTU","Eukaryota","Streptophyta","None","Fabales","Fabaceae","Chamaecrista","Chamaecrista mimosoides"
"189.WeeTU","Eukaryota","Streptophyta","None","Asterales","Asteraceae","Bahia","Bahia absinthifolia"
"325.WeeTU","Eukaryota","Streptophyta","None","Fabales","Fabaceae","Vachellia","Vachellia rehmanniana"
"812.WeeTU","Viruses","None","None","None","Microviridae","Microvirus","Enterobacteria phage phiX174 sensu lato"
"176.WeeTU","Eukaryota","Streptophyta","Liliopsida","Poales","Poaceae","Triticum","Triticum turgidum"
"191.WeeTU","Eukaryota","Streptophyta","Liliopsida","Poales","Poaceae","Triticum","Triticum turgidum"
"165.WeeTU","Eukaryota","Streptophyta","None","Lamiales","Lamiaceae","Callicarpa","Callicarpa nudiflora"
"473.WeeTU","Eukaryota","Streptophyta","None","Asterales","Asteraceae","Helianthus","Helianthus annuus"
"154.WeeTU","Eukaryota","Streptophyta","None","Fabales","Fabaceae","Vachellia","Vachellia rehmanniana"
"170.WeeTU","Eukaryota","Streptophyta","None","Lamiales","Acanthaceae","Justicia","Justicia gendarussa"
"208.WeeTU","Eukaryota","Streptophyta","Liliopsida","Poales","Poaceae","Alloteropsis","Alloteropsis semialata"
"177.WeeTU","Eukaryota","Streptophyta","None","Brassicales","Brassicaceae","Descurainia","Descurainia sophia"
"173.WeeTU","Eukaryota","Streptophyta","None","Ephedrales","Ephedraceae","Ephedra","Ephedra sinica"
"202.WeeTU","Eukaryota","Streptophyta","None","Lamiales","Lamiaceae","Anisomeles","Anisomeles indica"
"312.WeeTU","Eukaryota","Streptophyta","Liliopsida","Poales","Poaceae","Saccharum","Saccharum hybrid cultivar"
"169.WeeTU","Eukaryota","Streptophyta","None","Fabales","Fabaceae","Vachellia","Vachellia rehmanniana"
"436.WeeTU","Eukaryota","Streptophyta","None","Brassicales","Brassicaceae","Arabidopsis","Arabidopsis lyrata"
"650.WeeTU","Eukaryota","Streptophyta","None","Fabales","Fabaceae","Crotalaria","Crotalaria macrocarpa"
"291.WeeTU","Eukaryota","Streptophyta","None","Lamiales","Lamiaceae","Clerodendrum","Clerodendrum thomsoniae"
"425.WeeTU","Eukaryota","Streptophyta","None","Zygophyllales","Zygophyllaceae","Tribulus","Tribulus terrestris"
"205.WeeTU","Eukaryota","Streptophyta","None","Lamiales","Lamiaceae","Clerodendrum","Clerodendrum thomsoniae"
"719.WeeTU","Eukaryota","Streptophyta","None","Fabales","Fabaceae","Chamaecrista","Chamaecrista mimosoides"
"157.WeeTU","Eukaryota","Streptophyta","None","Fabales","Fabaceae","Medicago","Medicago truncatula"
"211.WeeTU","Eukaryota","Streptophyta","None","Rosales","Cannabaceae","Cannabis","Cannabis sativa"
"875.WeeTU","Eukaryota","Streptophyta","None","Asterales","Asteraceae","Xanthium","Xanthium sibiricum"
"342.WeeTU","Eukaryota","Streptophyta","None","Asterales","Asteraceae","Helianthus","Helianthus annuus"
"182.WeeTU","Eukaryota","Streptophyta","Liliopsida","Poales","Poaceae","Tenaxia","Tenaxia guillarmodiae"
"322.WeeTU","Eukaryota","Streptophyta","None","Lamiales","Lamiaceae","Anisomeles","Anisomeles indica"
"615.WeeTU","Eukaryota","Streptophyta","None","Brassicales","Brassicaceae","Camelina","Camelina sativa"
"391.WeeTU","Eukaryota","Streptophyta","None","Asterales","Asteraceae","Helianthus","Helianthus annuus"
"276.WeeTU","Eukaryota","Streptophyta","None","Brassicales","Brassicaceae","Descurainia","Descurainia sophia"
"180.WeeTU","Eukaryota","Streptophyta","Liliopsida","Poales","Poaceae","Saccharum","Saccharum hybrid cultivar"
"341.WeeTU","Eukaryota","Streptophyta","None","Asterales","Asteraceae","Helianthus","Helianthus annuus"
"219.WeeTU","Eukaryota","Streptophyta","None","Caryophyllales","Polygonaceae","Rumex","Rumex japonicus"
"190.WeeTU","Eukaryota","Streptophyta","None","Malpighiales","Euphorbiaceae","Euphorbia","Euphorbia maculata"
"284.WeeTU","Eukaryota","Streptophyta","None","Caryophyllales","Polygonaceae","Rumex","Rumex japonicus"
"256.WeeTU","Eukaryota","Streptophyta","None","Lamiales","Lamiaceae","Clerodendrum","Clerodendrum japonicum"
"221.WeeTU","Eukaryota","Streptophyta","None","Fabales","Fabaceae","Chamaecrista","Chamaecrista mimosoides"
"797.WeeTU","Eukaryota","Streptophyta","None","Asterales","Asteraceae","Xanthium","Xanthium sibiricum"
"522.WeeTU","Eukaryota","Streptophyta","None","Zygophyllales","Zygophyllaceae","Tribulus","Tribulus terrestris"
"283.WeeTU","Eukaryota","Streptophyta","Liliopsida","Poales","Poaceae","Saccharum","Saccharum hybrid cultivar"
"230.WeeTU","Eukaryota","Streptophyta","None","Lamiales","Acanthaceae","Justicia","Justicia gendarussa"
"803.WeeTU","Eukaryota","Streptophyta","None","Zygophyllales","Zygophyllaceae","Tribulus","Tribulus terrestris"
"237.WeeTU","Eukaryota","Streptophyta","None","Brassicales","Brassicaceae","Arabidopsis","Arabidopsis lyrata"
"402.WeeTU","Eukaryota","Streptophyta","None","Asterales","Asteraceae","Sigesbeckia","Sigesbeckia orientalis"
"269.WeeTU","Eukaryota","Streptophyta","None","Brassicales","Brassicaceae","Arabidopsis","Arabidopsis lyrata"
"340.WeeTU","Eukaryota","Streptophyta","None","Malpighiales","Euphorbiaceae","Euphorbia","Euphorbia serrula"
"250.WeeTU","Eukaryota","Streptophyta","None","Fabales","Fabaceae","Medicago","Medicago truncatula"
"575.WeeTU","Eukaryota","Streptophyta","None","Caryophyllales","Polygonaceae","Rumex","Rumex japonicus"
"457.WeeTU","Eukaryota","Streptophyta","None","Brassicales","Brassicaceae","Descurainia","Descurainia sophia"
"335.WeeTU","Eukaryota","Streptophyta","None","Zygophyllales","Zygophyllaceae","Tribulus","Tribulus terrestris"
"323.WeeTU","Eukaryota","Streptophyta","None","Asterales","Asteraceae","Xanthium","Xanthium sibiricum"
"817.WeeTU","Eukaryota","Streptophyta","None","Brassicales","Brassicaceae","Camelina","Camelina sativa"
"209.WeeTU","Eukaryota","Streptophyta","None","Brassicales","Brassicaceae","Descurainia","Descurainia sophia"
"185.WeeTU","Eukaryota","Streptophyta","None","Malvales","Malvaceae","Gossypium","Gossypium raimondii"
"795.WeeTU","Eukaryota","Streptophyta","None","Fabales","Fabaceae","Crotalaria","Crotalaria emirnensis"
"882.WeeTU","Eukaryota","Streptophyta","None","Fabales","Fabaceae","Crotalaria","Crotalaria emirnensis"
"327.WeeTU","Eukaryota","Streptophyta","None","Fabales","Fabaceae","Crotalaria","Crotalaria emirnensis"
"484.WeeTU","Eukaryota","Streptophyta","None","Myrtales","Onagraceae","Oenothera","Oenothera odorata"
"234.WeeTU","Eukaryota","Streptophyta","Liliopsida","Poales","Poaceae","Saccharum","Saccharum hybrid cultivar"
"641.WeeTU","Eukaryota","Streptophyta","None","Asterales","Asteraceae","Xanthium","Xanthium sibiricum"
"635.WeeTU","Eukaryota","Streptophyta","None","Brassicales","Brassicaceae","Arabidopsis","Arabidopsis lyrata"
"212.WeeTU","Eukaryota","Streptophyta","None","Malvales","Malvaceae","Lavatera","Lavatera cashemiriana"
"345.WeeTU","Eukaryota","Streptophyta","Liliopsida","Poales","Poaceae","Cynodon","Cynodon dactylon"
"227.WeeTU","Eukaryota","Streptophyta","None","Asterales","Asteraceae","Xanthium","Xanthium sibiricum"
"511.WeeTU","Eukaryota","Streptophyta","None","Asterales","Asteraceae","Helianthus","Helianthus annuus"
"334.WeeTU","Eukaryota","Streptophyta","None","Fabales","Fabaceae","Crotalaria","Crotalaria emirnensis"
"252.WeeTU","Eukaryota","Streptophyta","None","Asterales","Asteraceae","Helianthus","Helianthus annuus"
"260.WeeTU","Eukaryota","Streptophyta","None","Caryophyllales","Nyctaginaceae","Acleisanthes","Acleisanthes chenopodioides"
"274.WeeTU","Eukaryota","Streptophyta","None","Zygophyllales","Zygophyllaceae","Tribulus","Tribulus terrestris"
"314.WeeTU","Eukaryota","Streptophyta","Liliopsida","Poales","Poaceae","Alloteropsis","Alloteropsis semialata"
"357.WeeTU","Eukaryota","Streptophyta","None","Ephedrales","Ephedraceae","Ephedra","Ephedra sinica"
"462.WeeTU","Eukaryota","Streptophyta","None","Fabales","Fabaceae","Crotalaria","Crotalaria medicaginea"
"848.WeeTU","Eukaryota","Streptophyta","None","Fabales","Fabaceae","Crotalaria","Crotalaria emirnensis"
"586.WeeTU","Eukaryota","Streptophyta","None","Fabales","Fabaceae","Crotalaria","Crotalaria emirnensis"
"324.WeeTU","Eukaryota","Streptophyta","Liliopsida","Poales","Poaceae","Saccharum","Saccharum hybrid cultivar"
"337.WeeTU","Eukaryota","Streptophyta","None","Fabales","Fabaceae","Chamaecrista","Chamaecrista mimosoides"
"203.WeeTU","Eukaryota","Streptophyta","None","Fabales","Fabaceae","Medicago","Medicago schischkinii"
"275.WeeTU","Eukaryota","Streptophyta","None","Lamiales","Lamiaceae","Clerodendrum","Clerodendrum thomsoniae"
"286.WeeTU","Eukaryota","Streptophyta","Liliopsida","Poales","Poaceae","Alloteropsis","Alloteropsis semialata"
"264.WeeTU","Eukaryota","Streptophyta","None","Brassicales","Brassicaceae","Camelina","Camelina sativa"
"728.WeeTU","Eukaryota","Streptophyta","None","Asterales","Asteraceae","Perezia","Perezia carthamoides"
"242.WeeTU","Eukaryota","Streptophyta","None","Brassicales","Brassicaceae","Camelina","Camelina sativa"
"409.WeeTU","Eukaryota","Streptophyta","None","Lamiales","Lamiaceae","Clerodendrum","Clerodendrum cyrtophyllum"
"428.WeeTU","Eukaryota","Streptophyta","None","Brassicales","Brassicaceae","Camelina","Camelina sativa"
"647.WeeTU","Eukaryota","Streptophyta","None","Lamiales","Plantaginaceae","Plantago","Plantago minuta"
"504.WeeTU","Eukaryota","Streptophyta","None","Asterales","Asteraceae","Xanthium","Xanthium sibiricum"
"351.WeeTU","Eukaryota","Streptophyta","None","Fabales","Fabaceae","Dalea","Dalea weberbaueri"
"338.WeeTU","Eukaryota","Streptophyta","None","Myrtales","Onagraceae","Oenothera","Oenothera odorata"
"468.WeeTU","Eukaryota","Streptophyta","None","Malpighiales","Euphorbiaceae","Euphorbia","Euphorbia maculata"
"589.WeeTU","Eukaryota","Streptophyta","None","Lamiales","Lamiaceae","Clerodendrum","Clerodendrum thomsoniae"
"239.WeeTU","Eukaryota","Streptophyta","None","Lamiales","Lamiaceae","Clerodendrum","Clerodendrum japonicum"
"474.WeeTU","Eukaryota","Streptophyta","None","Caryophyllales","Chenopodiaceae","Atriplex","Atriplex sp. Yeelirrie Station"
"621.WeeTU","Eukaryota","Streptophyta","Liliopsida","Poales","Poaceae","Sorghum","Sorghum bicolor"
"225.WeeTU","Eukaryota","Streptophyta","Liliopsida","Poales","Poaceae","Saccharum","Saccharum hybrid cultivar"
"574.WeeTU","Eukaryota","Streptophyta","None","Caryophyllales","Chenopodiaceae","Atriplex","Atriplex sp. Yeelirrie Station"
"258.WeeTU","Eukaryota","Streptophyta","None","Brassicales","Brassicaceae","Descurainia","Descurainia sophia"
"535.WeeTU","Eukaryota","Streptophyta","None","Lamiales","Plantaginaceae","Plantago","Plantago minuta"
"539.WeeTU","Eukaryota","Streptophyta","Liliopsida","Poales","Poaceae","Saccharum","Saccharum hybrid cultivar"
"494.WeeTU","Eukaryota","Streptophyta","None","Asterales","Asteraceae","Xanthium","Xanthium sibiricum"
"467.WeeTU","Eukaryota","Streptophyta","None","Fabales","Fabaceae","Crotalaria","Crotalaria emirnensis"
"557.WeeTU","Eukaryota","Streptophyta","None","Lamiales","Lamiaceae","Clerodendrum","Clerodendrum japonicum"
"598.WeeTU","Eukaryota","Streptophyta","None","Brassicales","Brassicaceae","Camelina","Camelina sativa"
"805.WeeTU","Eukaryota","Streptophyta","None","Solanales","Convolvulaceae","Convolvulus","Convolvulus arvensis"
"316.WeeTU","Eukaryota","Streptophyta","None","Brassicales","Brassicaceae","Camelina","Camelina sativa"
"304.WeeTU","Eukaryota","Streptophyta","None","Malpighiales","Euphorbiaceae","Euphorbia","Euphorbia maculata"
"238.WeeTU","Eukaryota","Streptophyta","None","Zygophyllales","Zygophyllaceae","Tribulus","Tribulus terrestris"
"785.WeeTU","Eukaryota","Streptophyta","Liliopsida","Poales","Poaceae","Alloteropsis","Alloteropsis semialata"
"773.WeeTU","Eukaryota","Streptophyta","None","Brassicales","Brassicaceae","Arabidopsis","Arabidopsis lyrata"
"718.WeeTU","Eukaryota","Streptophyta","None","Lamiales","Acanthaceae","Thunbergia","Thunbergia grandiflora"
"407.WeeTU","Eukaryota","Streptophyta","None","Lamiales","Plantaginaceae","Plantago","Plantago minuta"
"300.WeeTU","Eukaryota","Streptophyta","None","Zygophyllales","Zygophyllaceae","Tribulus","Tribulus terrestris"
"350.WeeTU","Eukaryota","Streptophyta","None","Lamiales","Plantaginaceae","Plantago","Plantago minuta"
"559.WeeTU","Eukaryota","Streptophyta","None","Boraginales","Boraginaceae","Oreocarya","Oreocarya subretusa"
"303.WeeTU","Eukaryota","Streptophyta","None","Fabales","Fabaceae","Crotalaria","Crotalaria emirnensis"
"760.WeeTU","Eukaryota","Streptophyta","None","Fabales","Fabaceae","Crotalaria","Crotalaria emirnensis"
"555.WeeTU","Eukaryota","Streptophyta","None","Fabales","Fabaceae","Crotalaria","Crotalaria emirnensis"
"843.WeeTU","Eukaryota","Streptophyta","None","Fabales","Fabaceae","Lupinus","Lupinus sp. AT-2012"
"742.WeeTU","Eukaryota","Streptophyta","None","Malvales","Malvaceae","Abutilon","Abutilon theophrasti"
"433.WeeTU","Eukaryota","Streptophyta","None","Fabales","Fabaceae","Astragalus","Astragalus membranaceus"
"727.WeeTU","Eukaryota","Streptophyta","None","Fabales","Fabaceae","Chamaecrista","Chamaecrista nigricans"
"842.WeeTU","Eukaryota","Streptophyta","None","Brassicales","Brassicaceae","Camelina","Camelina sativa"
"560.WeeTU","Eukaryota","Streptophyta","None","Lamiales","Lamiaceae","Clerodendrum","Clerodendrum thomsoniae"
"439.WeeTU","Eukaryota","Streptophyta","None","Brassicales","Brassicaceae","Camelina","Camelina sativa"
"521.WeeTU","Eukaryota","Streptophyta","None","Lamiales","Plantaginaceae","Plantago","Plantago minuta"
"707.WeeTU","Eukaryota","Streptophyta","None","Asterales","Asteraceae","Helianthus","Helianthus annuus"
"865.WeeTU","Eukaryota","Streptophyta","None","Zygophyllales","Zygophyllaceae","Tribulus","Tribulus terrestris"
"298.WeeTU","Eukaryota","Streptophyta","None","Malvales","Malvaceae","Abutilon","Abutilon theophrasti"
"435.WeeTU","Eukaryota","Streptophyta","None","Asterales","Asteraceae","Erigeron","Erigeron annuus"
"558.WeeTU","Eukaryota","Streptophyta","None","Lamiales","Plantaginaceae","Plantago","Plantago minuta"
"588.WeeTU","Eukaryota","Streptophyta","None","Zygophyllales","Zygophyllaceae","Kallstroemia","Kallstroemia parviflora"
"240.WeeTU","Eukaryota","Streptophyta","None","Brassicales","Brassicaceae","Descurainia","Descurainia sophia"
"821.WeeTU","Eukaryota","Streptophyta","None","Lamiales","Lamiaceae","Vitex","Vitex trifolia"
"601.WeeTU","Eukaryota","Streptophyta","None","Zygophyllales","Zygophyllaceae","Tribulus","Tribulus terrestris"
"329.WeeTU","Eukaryota","Streptophyta","None","Asterales","Asteraceae","Xanthium","Xanthium sibiricum"
"410.WeeTU","Eukaryota","Streptophyta","None","Lamiales","Lamiaceae","Clerodendrum","Clerodendrum thomsoniae"
"819.WeeTU","Eukaryota","Streptophyta","None","Asterales","Asteraceae","Xanthium","Xanthium sibiricum"
"684.WeeTU","Eukaryota","Streptophyta","None","Fabales","Fabaceae","Archidendron","Archidendron dalatense"
"385.WeeTU","Eukaryota","Streptophyta","None","Caryophyllales","Polygonaceae","Rumex","Rumex japonicus"
"375.WeeTU","Eukaryota","Streptophyta","None","Asterales","Asteraceae","Perezia","Perezia carthamoides"
"636.WeeTU","Eukaryota","Streptophyta","None","Solanales","Solanaceae","Solanum","Solanum nienkui"
"330.WeeTU","Eukaryota","Streptophyta","None","Asterales","Asteraceae","Xanthium","Xanthium sibiricum"
"616.WeeTU","Eukaryota","Streptophyta","None","Asterales","Asteraceae","Helianthus","Helianthus annuus"
"313.WeeTU","Eukaryota","Streptophyta","None","Lamiales","Lamiaceae","Clerodendrum","Clerodendrum cyrtophyllum"
"724.WeeTU","Eukaryota","Streptophyta","Liliopsida","Poales","Poaceae","Saccharum","Saccharum hybrid cultivar"
"792.WeeTU","Eukaryota","Streptophyta","None","Asterales","Asteraceae","Perezia","Perezia carthamoides"
"318.WeeTU","Eukaryota","Streptophyta","None","Fabales","Fabaceae","Senna","Senna occidentalis"
"766.WeeTU","Eukaryota","Streptophyta","None","Brassicales","Brassicaceae","Descurainia","Descurainia sophia"
"463.WeeTU","Eukaryota","Streptophyta","None","Brassicales","Brassicaceae","Arabidopsis","Arabidopsis lyrata"
"306.WeeTU","Eukaryota","Streptophyta","None","Asterales","Asteraceae","Saussurea","Saussurea sordida"
"624.WeeTU","Eukaryota","Streptophyta","None","Asterales","Asteraceae","Helianthus","Helianthus annuus"
"879.WeeTU","Eukaryota","Streptophyta","None","Zygophyllales","Zygophyllaceae","Tribulus","Tribulus terrestris"
"660.WeeTU","Eukaryota","Streptophyta","None","Brassicales","Brassicaceae","Camelina","Camelina sativa"
"774.WeeTU","Eukaryota","Streptophyta","None","Fabales","Fabaceae","Archidendron","Archidendron dalatense"
"348.WeeTU","Eukaryota","Streptophyta","None","Zygophyllales","Zygophyllaceae","Tribulus","Tribulus terrestris"
"464.WeeTU","Eukaryota","Streptophyta","None","Zygophyllales","Zygophyllaceae","Tribulus","Tribulus terrestris"
"309.WeeTU","Eukaryota","Streptophyta","None","Malvales","Malvaceae","Gossypium","Gossypium raimondii"
"794.WeeTU","Eukaryota","Streptophyta","None","Fabales","Fabaceae","Crotalaria","Crotalaria medicaginea"
"552.WeeTU","Eukaryota","Streptophyta","None","Fabales","Fabaceae","Crotalaria","Crotalaria emirnensis"
"768.WeeTU","Eukaryota","Streptophyta","None","Fabales","Fabaceae","Crotalaria","Crotalaria emirnensis"
"448.WeeTU","Eukaryota","Streptophyta","None","Myrtales","Onagraceae","Oenothera","Oenothera odorata"
"423.WeeTU","Eukaryota","Streptophyta","None","Myrtales","Onagraceae","Oenothera","Oenothera odorata"
"538.WeeTU","Eukaryota","Streptophyta","None","Asterales","Asteraceae","Helianthus","Helianthus annuus"
"372.WeeTU","Eukaryota","Streptophyta","None","Brassicales","Brassicaceae","Arabidopsis","Arabidopsis lyrata"
"441.WeeTU","Eukaryota","Streptophyta","None","Malpighiales","Euphorbiaceae","Euphorbia","Euphorbia maculata"
"516.WeeTU","Eukaryota","Streptophyta","None","Fabales","Fabaceae","Medicago","Medicago truncatula"
"243.WeeTU","Eukaryota","Streptophyta","None","Malvales","Malvaceae","Gossypium","Gossypium raimondii"
"607.WeeTU","Eukaryota","Streptophyta","None","Malvales","Malvaceae","Gossypium","Gossypium raimondii"
"692.WeeTU","Eukaryota","Streptophyta","Liliopsida","Poales","Poaceae","Saccharum","Saccharum hybrid cultivar"
"900.WeeTU","Eukaryota","Streptophyta","None","Zygophyllales","Zygophyllaceae","Tribulus","Tribulus terrestris"
"572.WeeTU","Eukaryota","Streptophyta","None","Fabales","Fabaceae","Lupinus","Lupinus sp. AT-2012"
"911.WeeTU","Eukaryota","Streptophyta","None","Zygophyllales","Zygophyllaceae","Tribulus","Tribulus terrestris"
"667.WeeTU","Eukaryota","Streptophyta","None","Asterales","Asteraceae","Helianthus","Helianthus annuus"
"469.WeeTU","Eukaryota","Streptophyta","None","Ranunculales","Ranunculaceae","Aconitum","Aconitum kusnezoffii"
"763.WeeTU","Eukaryota","Streptophyta","None","Lamiales","Plantaginaceae","Plantago","Plantago minuta"
"852.WeeTU","Eukaryota","Streptophyta","None","Brassicales","Brassicaceae","Descurainia","Descurainia sophia"
"858.WeeTU","Eukaryota","Streptophyta","None","Zygophyllales","Zygophyllaceae","Kallstroemia","Kallstroemia parviflora"
"889.WeeTU","Eukaryota","Streptophyta","None","Lamiales","Plantaginaceae","Plantago","Plantago minuta"
"518.WeeTU","Eukaryota","Streptophyta","None","Brassicales","Brassicaceae","Camelina","Camelina sativa"
"282.WeeTU","Eukaryota","Streptophyta","None","Lamiales","Plantaginaceae","Plantago","Plantago minuta"
"893.WeeTU","Eukaryota","Streptophyta","None","Asterales","Asteraceae","Xanthium","Xanthium sibiricum"
"686.WeeTU","Eukaryota","Streptophyta","None","Brassicales","Brassicaceae","Camelina","Camelina sativa"
"670.WeeTU","Eukaryota","Streptophyta","None","Zygophyllales","Zygophyllaceae","Tribulus","Tribulus terrestris"
"279.WeeTU","Eukaryota","Streptophyta","None","Malvales","Malvaceae","Gossypium","Gossypium raimondii"
"491.WeeTU","Eukaryota","Streptophyta","None","Asterales","Asteraceae","Perezia","Perezia carthamoides"
"834.WeeTU","Eukaryota","Streptophyta","None","Asterales","Asteraceae","Viguiera","Viguiera eriophora"
"860.WeeTU","Eukaryota","Streptophyta","None","Ranunculales","Papaveraceae","Papaver","Papaver canescens"
"493.WeeTU","Eukaryota","Streptophyta","None","Fabales","Fabaceae","Senna","Senna occidentalis"
"662.WeeTU","Eukaryota","Streptophyta","None","Brassicales","Brassicaceae","Arabidopsis","Arabidopsis lyrata"
"896.WeeTU","Eukaryota","Streptophyta","None","Brassicales","Brassicaceae","Camelina","Camelina sativa"
"642.WeeTU","Eukaryota","Streptophyta","None","Zygophyllales","Zygophyllaceae","Tribulus","Tribulus terrestris"
"651.WeeTU","Eukaryota","Streptophyta","None","Caryophyllales","Polygonaceae","Rumex","Rumex japonicus"
"772.WeeTU","Eukaryota","Streptophyta","None","Zygophyllales","Zygophyllaceae","Tribulus","Tribulus terrestris"
"374.WeeTU","Eukaryota","Streptophyta","None","Brassicales","Brassicaceae","Arabidopsis","Arabidopsis lyrata"
"289.WeeTU","Eukaryota","Streptophyta","None","Malvales","Malvaceae","Gossypium","Gossypium raimondii"
"332.WeeTU","Eukaryota","Streptophyta","None","Malvales","Malvaceae","Gossypium","Gossypium raimondii"
"514.WeeTU","Eukaryota","Streptophyta","None","Zygophyllales","Zygophyllaceae","Tribulus","Tribulus terrestris"
"669.WeeTU","Eukaryota","Streptophyta","None","Fabales","Fabaceae","Dalea","Dalea weberbaueri"
"838.WeeTU","Eukaryota","Streptophyta","None","Malvales","Malvaceae","Gossypium","Gossypium raimondii"
"449.WeeTU","Eukaryota","Streptophyta","None","Zygophyllales","Zygophyllaceae","Tribulus","Tribulus terrestris"
"363.WeeTU","Eukaryota","Streptophyta","None","Asterales","Asteraceae","Helianthus","Helianthus annuus"
"676.WeeTU","Eukaryota","Streptophyta","None","Brassicales","Brassicaceae","Camelina","Camelina sativa"
"677.WeeTU","Eukaryota","Streptophyta","None","Brassicales","Brassicaceae","Camelina","Camelina sativa"
"460.WeeTU","Eukaryota","Streptophyta","None","Fabales","Fabaceae","Chamaecrista","Chamaecrista pascuorum"
"346.WeeTU","Eukaryota","Streptophyta","None","Zygophyllales","Zygophyllaceae","Tribulus","Tribulus terrestris"
"881.WeeTU","Eukaryota","Streptophyta","None","Asterales","Asteraceae","Perezia","Perezia carthamoides"
"871.WeeTU","Eukaryota","Streptophyta","None","Brassicales","Brassicaceae","Arabidopsis","Arabidopsis lyrata"
"437.WeeTU","Eukaryota","Streptophyta","None","Malvales","Malvaceae","Gossypium","Gossypium raimondii"
"902.WeeTU","Eukaryota","Streptophyta","None","Brassicales","Brassicaceae","Lepidium","Lepidium ruderale"
"333.WeeTU","Eukaryota","Streptophyta","None","Brassicales","Brassicaceae","Arabidopsis","Arabidopsis lyrata"
"836.WeeTU","Eukaryota","Streptophyta","None","Fabales","Fabaceae","Crotalaria","Crotalaria axillaris"
"652.WeeTU","Eukaryota","Streptophyta","None","Malpighiales","Euphorbiaceae","Croton","Croton kongensis"
"508.WeeTU","Eukaryota","Streptophyta","None","Malpighiales","Euphorbiaceae","Croton","Croton kongensis"
"623.WeeTU","Eukaryota","Streptophyta","None","Zygophyllales","Zygophyllaceae","Tribulus","Tribulus terrestris"
"492.WeeTU","Eukaryota","Streptophyta","None","Zygophyllales","Zygophyllaceae","Tribulus","Tribulus terrestris"
"526.WeeTU","Eukaryota","Streptophyta","None","Zygophyllales","Zygophyllaceae","Tribulus","Tribulus terrestris"
"657.WeeTU","Eukaryota","Streptophyta","None","Zygophyllales","Zygophyllaceae","Tribulus","Tribulus terrestris"
"777.WeeTU","Eukaryota","Streptophyta","None","Asterales","Asteraceae","Perezia","Perezia carthamoides"
"868.WeeTU","Eukaryota","Streptophyta","None","Fabales","Fabaceae","Chamaecrista","Chamaecrista nigricans"
"606.WeeTU","Eukaryota","Streptophyta","None","Malvales","Malvaceae","Gossypium","Gossypium raimondii"
"533.WeeTU","Eukaryota","Streptophyta","None","Brassicales","Brassicaceae","Camelina","Camelina sativa"
"593.WeeTU","Eukaryota","Streptophyta","None","Brassicales","Brassicaceae","Arabidopsis","Arabidopsis lyrata"
"846.WeeTU","Eukaryota","Streptophyta","None","Malvales","Malvaceae","Gossypium","Gossypium raimondii"
"783.WeeTU","Eukaryota","Streptophyta","None","Zygophyllales","Zygophyllaceae","Tribulus","Tribulus terrestris"
"759.WeeTU","Eukaryota","Streptophyta","None","Fabales","Fabaceae","Archidendron","Archidendron dalatense"
"378.WeeTU","Eukaryota","Streptophyta","None","Brassicales","Brassicaceae","Camelina","Camelina sativa"
"829.WeeTU","Eukaryota","Streptophyta","None","Zygophyllales","Zygophyllaceae","Tribulus","Tribulus terrestris"
"712.WeeTU","Eukaryota","Streptophyta","None","Fabales","Fabaceae","Senna","Senna alata"
"776.WeeTU","Eukaryota","Streptophyta","None","Malvales","Malvaceae","Gossypium","Gossypium raimondii"
"668.WeeTU","Eukaryota","Streptophyta","None","Brassicales","Brassicaceae","Arabidopsis","Arabidopsis lyrata"
"754.WeeTU","Eukaryota","Streptophyta","None","Boraginales","Boraginaceae","Dasynotus","Dasynotus daubenmirei"
"543.WeeTU","Eukaryota","Streptophyta","None","Zygophyllales","Zygophyllaceae","Tribulus","Tribulus terrestris"
"513.WeeTU","Eukaryota","Streptophyta","None","Fabales","Fabaceae","Dalea","Dalea lanata"
"515.WeeTU","Eukaryota","Streptophyta","None","Asterales","Asteraceae","Acourtia","Acourtia nana"
"379.WeeTU","Eukaryota","Streptophyta","None","Malvales","Malvaceae","Gossypium","Gossypium raimondii"
"827.WeeTU","Eukaryota","Streptophyta","Liliopsida","Poales","Poaceae","Saccharum","Saccharum hybrid cultivar"
"913.WeeTU","Eukaryota","Streptophyta","None","Brassicales","Brassicaceae","Arabidopsis","Arabidopsis lyrata"
"564.WeeTU","Eukaryota","Streptophyta","None","Lamiales","Lamiaceae","Callicarpa","Callicarpa nudiflora"
"645.WeeTU","Eukaryota","Streptophyta","None","Brassicales","Brassicaceae","Arabidopsis","Arabidopsis lyrata"
"648.WeeTU","Eukaryota","Streptophyta","None","Asterales","Asteraceae","Helichrysum","Helichrysum arenarium"
"743.WeeTU","Eukaryota","Streptophyta","None","Zygophyllales","Zygophyllaceae","Tribulus","Tribulus terrestris"
"371.WeeTU","Eukaryota","Streptophyta","None","Asterales","Asteraceae","Perezia","Perezia carthamoides"
"683.WeeTU","Eukaryota","Streptophyta","None","Brassicales","Brassicaceae","Arabidopsis","Arabidopsis lyrata"
"581.WeeTU","Eukaryota","Streptophyta","None","Fabales","Fabaceae","Dalea","Dalea weberbaueri"
"861.WeeTU","Eukaryota","Streptophyta","None","Malvales","Malvaceae","Gossypium","Gossypium raimondii"
"656.WeeTU","Eukaryota","Streptophyta","None","Asterales","Asteraceae","Erigeron","Erigeron annuus"
"394.WeeTU","Eukaryota","Streptophyta","None","Brassicales","Brassicaceae","Descurainia","Descurainia sophia"
"638.WeeTU","Eukaryota","Streptophyta","None","Fabales","Fabaceae","Astragalus","Astragalus membranaceus"
"761.WeeTU","Eukaryota","Streptophyta","None","Zygophyllales","Zygophyllaceae","Tribulus","Tribulus terrestris"
"909.WeeTU","Eukaryota","Streptophyta","None","Fabales","Fabaceae","Chamaecrista","Chamaecrista nigricans"
"529.WeeTU","Eukaryota","Streptophyta","None","Fabales","Fabaceae","Dalea","Dalea weberbaueri"
"908.WeeTU","Eukaryota","Streptophyta","None","Zygophyllales","Zygophyllaceae","Tribulus","Tribulus terrestris"
"907.WeeTU","Eukaryota","Streptophyta","None","Asterales","Asteraceae","Perezia","Perezia carthamoides"
"888.WeeTU","Eukaryota","Streptophyta","None","Zygophyllales","Zygophyllaceae","Tribulus","Tribulus terrestris"
"661.WeeTU","Eukaryota","Streptophyta","None","Zygophyllales","Zygophyllaceae","Tribulus","Tribulus terrestris"
"479.WeeTU","Eukaryota","Streptophyta","None","Zygophyllales","Zygophyllaceae","Tribulus","Tribulus terrestris"
"859.WeeTU","Eukaryota","Streptophyta","None","Brassicales","Brassicaceae","Arabidopsis","Arabidopsis lyrata"
"748.WeeTU","Eukaryota","Streptophyta","None","Brassicales","Brassicaceae","Arabidopsis","Arabidopsis lyrata"
"780.WeeTU","Eukaryota","Streptophyta","None","Fabales","Fabaceae","Senna","Senna alata"
"711.WeeTU","Eukaryota","Streptophyta","None","Asterales","Asteraceae","Perezia","Perezia carthamoides"
"488.WeeTU","Eukaryota","Streptophyta","None","Fabales","Fabaceae","Dalea","Dalea weberbaueri"
"862.WeeTU","Eukaryota","Streptophyta","None","Zygophyllales","Zygophyllaceae","Tribulus","Tribulus terrestris"
"440.WeeTU","Eukaryota","Streptophyta","None","Malvales","Malvaceae","Gossypium","Gossypium raimondii"
"452.WeeTU","Eukaryota","Streptophyta","None","Fabales","Fabaceae","Archidendron","Archidendron dalatense"
"389.WeeTU","Eukaryota","Streptophyta","None","Malvales","Malvaceae","Gossypium","Gossypium raimondii"
"737.WeeTU","Eukaryota","Streptophyta","None","Malvales","Malvaceae","Gossypium","Gossypium raimondii"
"368.WeeTU","Eukaryota","Streptophyta","None","Caryophyllales","Polygonaceae","Rumex","Rumex japonicus"
"482.WeeTU","Eukaryota","Streptophyta","None","Asterales","Asteraceae","Xanthium","Xanthium sibiricum"
"906.WeeTU","Eukaryota","Streptophyta","None","Asterales","Asteraceae","Perezia","Perezia carthamoides"
"483.WeeTU","Eukaryota","Streptophyta","None","Boraginales","Boraginaceae","Oreocarya","Oreocarya crymophila"
"384.WeeTU","Eukaryota","Streptophyta","None","Asterales","Asteraceae","Xanthium","Xanthium sibiricum"
"398.WeeTU","Eukaryota","Streptophyta","None","Fabales","Fabaceae","Dalea","Dalea weberbaueri"
"399.WeeTU","Eukaryota","Streptophyta","None","Fabales","Fabaceae","Lupinus","Lupinus sp. AT-2012"
"680.WeeTU","Eukaryota","Streptophyta","None","Fabales","Fabaceae","Medicago","Medicago truncatula"
"892.WeeTU","Eukaryota","Streptophyta","None","Brassicales","Brassicaceae","Arabidopsis","Arabidopsis lyrata"
"844.WeeTU","Eukaryota","Streptophyta","None","Zygophyllales","Zygophyllaceae","Tribulus","Tribulus terrestris"
"506.WeeTU","Eukaryota","Streptophyta","None","Zygophyllales","Zygophyllaceae","Tribulus","Tribulus terrestris"
"505.WeeTU","Eukaryota","Streptophyta","Liliopsida","Poales","Poaceae","Saccharum","Saccharum hybrid cultivar"
"840.WeeTU","Eukaryota","Streptophyta","None","Asterales","Asteraceae","Xanthium","Xanthium sibiricum"
"813.WeeTU","Eukaryota","Streptophyta","None","Fabales","Fabaceae","Dalea","Dalea weberbaueri"
"717.WeeTU","Eukaryota","Streptophyta","None","Brassicales","Brassicaceae","Descurainia","Descurainia sophia"
"681.WeeTU","Eukaryota","Streptophyta","None","Zygophyllales","Zygophyllaceae","Tribulus","Tribulus terrestris"
"673.WeeTU","Eukaryota","Streptophyta","None","Brassicales","Brassicaceae","Arabidopsis","Arabidopsis lyrata"
"751.WeeTU","Eukaryota","Streptophyta","None","Solanales","Solanaceae","Solanum","Solanum nienkui"
"596.WeeTU","Eukaryota","Streptophyta","None","Malvales","Malvaceae","Gossypium","Gossypium raimondii"
"597.WeeTU","Eukaryota","Streptophyta","None","Brassicales","Brassicaceae","Arabidopsis","Arabidopsis lyrata"
"550.WeeTU","Eukaryota","Streptophyta","None","Lamiales","Acanthaceae","Thunbergia","Thunbergia grandiflora"
"798.WeeTU","Eukaryota","Streptophyta","None","Fabales","Fabaceae","Astragalus","Astragalus membranaceus"
"454.WeeTU","Eukaryota","Streptophyta","None","Zygophyllales","Zygophyllaceae","Tribulus","Tribulus terrestris"
"876.WeeTU","Eukaryota","Streptophyta","None","Fabales","Fabaceae","Dalea","Dalea weberbaueri"
"536.WeeTU","Eukaryota","Streptophyta","None","Fabales","Fabaceae","Dalea","Dalea weberbaueri"
"416.WeeTU","Eukaryota","Streptophyta","None","Fabales","Fabaceae","Dalea","Dalea weberbaueri"
"741.WeeTU","Eukaryota","Streptophyta","None","Zygophyllales","Zygophyllaceae","Tribulus","Tribulus terrestris"
"789.WeeTU","Eukaryota","Streptophyta","None","Brassicales","Brassicaceae","Arabidopsis","Arabidopsis lyrata"
"478.WeeTU","Eukaryota","Streptophyta","None","Brassicales","Brassicaceae","Arabidopsis","Arabidopsis lyrata"
"775.WeeTU","Eukaryota","Streptophyta","None","Brassicales","Brassicaceae","Camelina","Camelina sativa"
"576.WeeTU","Eukaryota","Streptophyta","None","Brassicales","Brassicaceae","Lepidium","Lepidium virginicum"
"517.WeeTU","Eukaryota","Streptophyta","None","Malvales","Malvaceae","Lavatera","Lavatera cashemiriana"
"415.WeeTU","Eukaryota","Streptophyta","None","Fabales","Fabaceae","Chamaecrista","Chamaecrista nigricans"
"566.WeeTU","Eukaryota","Streptophyta","None","Brassicales","Brassicaceae","Arabidopsis","Arabidopsis lyrata"
"422.WeeTU","Eukaryota","Streptophyta","None","Brassicales","Brassicaceae","Arabidopsis","Arabidopsis lyrata"
"495.WeeTU","Eukaryota","Streptophyta","None","Brassicales","Brassicaceae","Arabidopsis","Arabidopsis lyrata"
"427.WeeTU","Eukaryota","Streptophyta","None","Fabales","Fabaceae","Vachellia","Vachellia rehmanniana"
"869.WeeTU","Eukaryota","Streptophyta","None","Brassicales","Brassicaceae","Arabidopsis","Arabidopsis lyrata"
"355.WeeTU","Eukaryota","Streptophyta","None","Fabales","Fabaceae","Dalea","Dalea weberbaueri"
"695.WeeTU","Eukaryota","Streptophyta","Liliopsida","Poales","Poaceae","Saccharum","Saccharum hybrid cultivar"
"899.WeeTU","Eukaryota","Streptophyta","None","Zygophyllales","Zygophyllaceae","Tribulus","Tribulus terrestris"
"749.WeeTU","Eukaryota","Streptophyta","None","Malvales","Malvaceae","Gossypium","Gossypium raimondii"
"704.WeeTU","Eukaryota","Streptophyta","None","Fabales","Fabaceae","Dalea","Dalea weberbaueri"
"816.WeeTU","Eukaryota","Streptophyta","None","Brassicales","Brassicaceae","Arabidopsis","Arabidopsis lyrata"
"700.WeeTU","Eukaryota","Streptophyta","None","Brassicales","Brassicaceae","Arabidopsis","Arabidopsis lyrata"
"665.WeeTU","Eukaryota","Streptophyta","None","Brassicales","Brassicaceae","Descurainia","Descurainia sophia"
"524.WeeTU","Eukaryota","Streptophyta","None","Asterales","Asteraceae","Sigesbeckia","Sigesbeckia orientalis"
"730.WeeTU","Eukaryota","Streptophyta","None","Zygophyllales","Zygophyllaceae","Tribulus","Tribulus terrestris"
"561.WeeTU","Eukaryota","Streptophyta","None","Asterales","Asteraceae","Viguiera","Viguiera eriophora"
"823.WeeTU","Eukaryota","Streptophyta","None","Asterales","Asteraceae","Perezia","Perezia carthamoides"
"878.WeeTU","Eukaryota","Streptophyta","None","Zygophyllales","Zygophyllaceae","Tribulus","Tribulus terrestris"
"731.WeeTU","Eukaryota","Streptophyta","None","Fabales","Fabaceae","Senna","Senna alata"
"487.WeeTU","Eukaryota","Streptophyta","None","Lamiales","Plantaginaceae","Plantago","Plantago minuta"
"845.WeeTU","Eukaryota","Streptophyta","None","Zygophyllales","Zygophyllaceae","Tribulus","Tribulus terrestris"
"804.WeeTU","Eukaryota","Streptophyta","None","Fabales","Fabaceae","Dalea","Dalea weberbaueri"
"365.WeeTU","Eukaryota","Streptophyta","None","Fabales","Fabaceae","Dalea","Dalea weberbaueri"
"353.WeeTU","Eukaryota","Streptophyta","None","Fabales","Fabaceae","Dalea","Dalea weberbaueri"
"705.WeeTU","Eukaryota","Streptophyta","None","Fabales","Fabaceae","Medicago","Medicago truncatula"
